episode,score,epsilon,loss,mean_score
0,0,1,0,0
1,0,1,0,0
2,0,1,0,0
3,0,1,0,0
4,0,1,0,0
5,0,1,0,0
6,0,1,0,0
7,0,1,0,0
8,0,1,0,0
9,0,1,0,0
10,0,1,0,0
11,0,1,0,0
12,0,1,0,0
13,0,1,0,0
14,2,1,0,0.133333
15,0,1,0,0.125
16,0,1,0,0.117647
17,0,1,0,0.111111
18,1,1,0,0.157895
19,0,1,0,0.15
20,1,1,0,0.190476
21,0,1,0,0.181818
22,0,1,0,0.173913
23,0,1,0,0.166667
24,0,1,0,0.16
25,0,1,0,0.153846
26,0,1,0,0.148148
27,0,1,0,0.142857
28,0,1,0,0.137931
29,0,1,0,0.133333
30,0,1,0,0.129032
31,0,1,0,0.125
32,1,1,0,0.151515
33,3,1,0,0.235294
34,0,1,0,0.228571
35,0,1,0,0.222222
36,0,1,0,0.216216
37,0,1,0,0.210526
38,0,1,0,0.205128
39,0,1,0,0.2
40,0,1,0,0.195122
41,0,1,0,0.190476
42,0,1,0,0.186047
43,0,1,0,0.181818
44,0,1,0,0.177778
45,0,1,0,0.173913
46,0,1,0,0.170213
47,0,1,0,0.166667
48,0,1,0,0.163265
49,0,1,0,0.16
50,0,1,0,0.156863
51,0,1,0,0.153846
52,1,1,0,0.169811
53,0,1,0,0.166667
54,0,1,0,0.163636
55,0,1,0,0.160714
56,0,1,0,0.157895
57,0,1,0,0.155172
58,0,1,0,0.152542
59,0,1,0,0.15
60,0,1,0,0.147541
61,0,1,0,0.145161
62,0,1,0,0.142857
63,0,1,0,0.140625
64,0,1,0,0.138462
65,0,1,0,0.136364
66,0,1,0,0.134328
67,0,1,0,0.132353
68,0,1,0,0.130435
69,0,1,0,0.128571
70,0,1,0,0.126761
71,0,1,0,0.125
72,0,1,0,0.123288
73,0,1,0,0.121622
74,0,1,0,0.12
75,0,1,0,0.118421
76,0,1,0,0.116883
77,0,1,0,0.115385
78,1,1,0,0.126582
79,0,1,0,0.125
80,0,1,0,0.123457
81,0,1,0,0.121951
82,0,1,0,0.120482
83,0,1,0,0.119048
84,0,1,0,0.117647
85,0,1,0,0.116279
86,0,1,0,0.114943
87,0,1,0,0.113636
88,1,1,0,0.123596
89,0,1,0,0.122222
90,0,1,0,0.120879
91,0,1,0,0.119565
92,0,1,0,0.11828
93,0,1,0,0.117021
94,0,1,0,0.115789
95,1,1,0,0.125
96,1,1,0,0.134021
97,0,1,0,0.132653
98,1,1,0,0.141414
99,0,1,0,0.14
100,0,1,0,0.14
101,0,1,0,0.14
102,1,1,0,0.15
103,0,1,0,0.15
104,0,1,0,0.15
105,0,1,0,0.15
106,0,1,0,0.15
107,0,1,0,0.15
108,1,1,0,0.16
109,0,1,0,0.16
110,1,1,0,0.17
111,0,1,0,0.17
112,0,1,0,0.17
113,0,1,0,0.17
114,0,1,0,0.15
115,0,1,0,0.15
116,0,1,0,0.15
117,0,1,0,0.15
118,0,1,0,0.14
119,0,1,0,0.14
120,0,1,0,0.13
121,0,1,0,0.13
122,1,0.996355,0.180294,0.14
123,1,0.994538,0.134619,0.15
124,0,0.992724,0.192054,0.15
125,0,0.991301,0.195081,0.15
126,0,0.989751,0.219851,0.15
127,1,0.988719,0.263686,0.16
128,0,0.987946,0.185729,0.16
129,1,0.98563,0.329555,0.17
130,0,0.977821,0.175163,0.17
131,0,0.976674,0.547122,0.17
132,0,0.975655,0.239078,0.16
133,0,0.973495,0.360565,0.13
134,0,0.97248,0.344851,0.13
135,0,0.968052,0.128326,0.13
136,0,0.965404,0.130081,0.13
137,0,0.962011,0.86119,0.13
138,0,0.957756,0.227679,0.13
139,0,0.955759,0.230575,0.13
140,0,0.955012,0.265669,0.13
141,0,0.953767,0.291775,0.13
142,3,0.949548,0.314304,0.16
143,0,0.948558,0.685407,0.16
144,0,0.946704,0.20681,0.16
145,0,0.945594,0.195287,0.16
146,0,0.943623,0.194556,0.16
147,0,0.942025,0.240065,0.16
148,0,0.940797,0.123639,0.16
149,0,0.937858,0.330703,0.16
150,0,0.935293,0.170136,0.16
151,0,0.933952,0.174141,0.16
152,0,0.931763,0.158658,0.15
153,0,0.930427,0.126013,0.15
154,0,0.927399,0.202359,0.15
155,0,0.926432,0.207481,0.15
156,0,0.925466,0.209935,0.15
157,1,0.923296,0.216551,0.16
158,0,0.920411,0.180078,0.16
159,0,0.918253,0.550494,0.16
160,0,0.91431,0.265583,0.16
161,0,0.913476,0.199306,0.16
162,0,0.911334,0.104191,0.16
163,0,0.910147,0.455507,0.16
164,0,0.908487,0.56827,0.16
165,0,0.907776,0.345332,0.16
166,0,0.906002,0.158949,0.16
167,0,0.904468,0.188624,0.16
168,0,0.903054,0.520548,0.16
169,0,0.901759,0.535013,0.16
170,0,0.900114,0.208336,0.16
171,0,0.89777,0.437422,0.16
172,0,0.896016,0.299591,0.16
173,0,0.894965,0.371496,0.16
174,0,0.893565,0.13704,0.16
175,0,0.892517,0.280064,0.16
176,0,0.890773,0.122419,0.16
177,1,0.886023,0.254788,0.17
178,0,0.884869,0.270849,0.16
179,0,0.883831,0.139366,0.16
180,1,0.877057,0.221123,0.17
181,0,0.875914,0.196472,0.17
182,1,0.875229,0.149343,0.18
183,0,0.873633,0.358923,0.18
184,1,0.869314,0.134669,0.19
185,0,0.868408,0.4164,0.19
186,0,0.866372,0.166257,0.19
187,0,0.863665,0.236555,0.19
188,1,0.862764,0.217672,0.19
189,0,0.861752,0.459428,0.19
190,0,0.860068,1.13046,0.19
191,0,0.854813,0.285614,0.19
192,1,0.853032,0.227938,0.2
193,1,0.849258,0.567634,0.21
194,0,0.845501,0.266613,0.21
195,0,0.84473,0.271497,0.2
196,1,0.843629,0.288444,0.2
197,1,0.838912,0.300691,0.21
198,0,0.836727,0.144335,0.2
199,0,0.834983,0.270639,0.2
200,0,0.83346,0.306344,0.2
201,0,0.832591,0.189956,0.2
202,1,0.830747,0.140921,0.2
203,0,0.829016,0.445228,0.2
204,0,0.825994,0.146163,0.2
205,0,0.820947,0.351579,0.2
206,0,0.819236,0.215075,0.2
207,0,0.818062,0.390887,0.2
208,0,0.815506,0.192441,0.19
209,0,0.814231,0.246101,0.19
210,0,0.812746,0.306224,0.18
211,0,0.811263,0.292928,0.18
212,1,0.8101,0.201202,0.19
213,0,0.808412,0.285765,0.19
214,1,0.803263,0.167546,0.2
215,1,0.801275,0.293755,0.21
216,1,0.797107,0.395536,0.22
217,0,0.795756,0.188725,0.22
218,0,0.792443,0.258342,0.22
219,0,0.790997,0.337983,0.22
220,1,0.789967,0.255422,0.23
221,1,0.788834,0.206797,0.24
222,1,0.786677,0.28284,0.24
223,0,0.785549,0.238384,0.23
224,0,0.784833,0.139414,0.23
225,1,0.783606,0.940576,0.24
226,1,0.782074,0.231065,0.25
227,1,0.780444,0.206691,0.25
228,0,0.778209,0.234319,0.25
229,0,0.775473,0.203494,0.24
230,0,0.774463,0.144452,0.24
231,0,0.773655,0.184406,0.24
232,0,0.772446,0.276009,0.24
233,2,0.768928,0.206689,0.26
234,0,0.767226,0.246367,0.26
235,0,0.766526,0.278658,0.26
236,0,0.765627,0.791932,0.26
237,1,0.764729,0.179131,0.27
238,0,0.763632,0.258324,0.27
239,1,0.761941,0.172524,0.28
240,0,0.759065,0.148886,0.28
241,0,0.757879,0.251977,0.28
242,0,0.75699,0.275503,0.25
243,0,0.755708,0.22753,0.25
244,1,0.75492,0.334672,0.26
245,0,0.753739,0.269019,0.26
246,0,0.752855,1.33014,0.26
247,0,0.752168,0.152987,0.26
248,0,0.750601,0.226028,0.26
249,0,0.749134,0.474491,0.26
250,0,0.746598,0.247787,0.26
251,1,0.745042,0.193204,0.27
252,2,0.741263,0.256935,0.29
253,1,0.738272,0.582447,0.3
254,1,0.737406,0.259015,0.31
255,1,0.735582,0.204015,0.32
256,0,0.733953,0.520701,0.32
257,2,0.73042,0.201191,0.33
258,1,0.727379,0.215838,0.34
259,1,0.726715,0.180159,0.35
260,1,0.722746,0.296402,0.36
261,0,0.718892,0.604374,0.36
262,1,0.717487,0.246995,0.37
263,0,0.716459,0.280682,0.37
264,2,0.714593,0.440041,0.39
265,1,0.711895,0.421431,0.4
266,2,0.709486,0.193563,0.42
267,0,0.707177,0.18048,0.42
268,0,0.705887,0.214306,0.42
269,0,0.704967,0.475324,0.42
270,3,0.702123,2.55111,0.45
271,0,0.700659,0.388772,0.45
272,1,0.699838,0.640751,0.46
273,3,0.696015,2.9263,0.49
274,0,0.695199,0.506462,0.49
275,0,0.694293,0.860632,0.49
276,0,0.692665,0.331838,0.49
277,1,0.691492,0.293261,0.49
278,0,0.687536,0.282686,0.49
279,1,0.68503,0.239068,0.5
280,0,0.684494,0.248532,0.49
281,0,0.683513,0.458464,0.49
282,0,0.682266,0.210547,0.48
283,0,0.681022,0.217252,0.48
284,2,0.676243,0.210829,0.49
285,2,0.673252,0.319748,0.51
286,1,0.669051,0.333316,0.52
287,2,0.666873,0.290407,0.54
288,1,0.66557,0.103256,0.54
289,1,0.662799,0.19775,0.55
290,1,0.661072,0.502537,0.56
291,0,0.660125,0.447239,0.56
292,2,0.658234,0.65487,0.57
293,2,0.65669,4.61459,0.58
294,1,0.654809,1.59713,0.59
295,0,0.653615,0.259301,0.59
296,2,0.650384,1.09064,0.6
297,2,0.649029,0.678235,0.61
298,0,0.648521,0.305521,0.61
299,2,0.647085,3.78684,0.63
300,1,0.643467,0.338201,0.64
301,3,0.640537,0.412252,0.67
302,4,0.636789,2.80948,0.7
303,0,0.636042,0.431318,0.7
304,1,0.635296,1.95792,0.71
305,2,0.633063,0.42967,0.73
306,1,0.631497,0.263215,0.74
307,1,0.628621,0.333868,0.75
308,1,0.626738,1.02556,0.76
309,1,0.624862,0.217546,0.77
310,2,0.623885,3.77913,0.79
311,1,0.622747,0.421415,0.8
312,3,0.619668,0.298278,0.82
313,1,0.617732,0.404374,0.83
314,2,0.615561,3.6857,0.84
315,3,0.614518,0.437409,0.86
316,1,0.613238,1.27885,0.86
317,1,0.61164,0.302922,0.87
318,2,0.608379,0.400715,0.89
319,0,0.607903,0.581299,0.89
320,1,0.606083,0.37179,0.89
321,1,0.603008,0.250735,0.89
322,0,0.600889,0.436138,0.88
323,1,0.599558,0.353495,0.89
324,3,0.595118,0.345307,0.92
325,0,0.594265,3.66392,0.91
326,2,0.593336,0.289665,0.92
327,1,0.592563,0.459742,0.92
328,0,0.591482,0.502983,0.92
329,3,0.585267,0.378131,0.95
330,2,0.58283,0.519594,0.97
331,3,0.580025,1.07662,1
332,1,0.578213,0.309776,1.01
333,0,0.577007,3.15371,0.99
334,1,0.575655,2.48834,1
335,1,0.57438,0.3505,1.01
336,0,0.573856,0.341354,1.01
337,0,0.572137,0.426372,1
338,2,0.569532,0.275453,1.02
339,0,0.56879,0.378314,1.01
340,1,0.566643,0.287056,1.02
341,1,0.56502,0.577263,1.03
342,2,0.562814,1.85919,1.05
343,0,0.562227,0.62454,1.05
344,2,0.559886,0.492785,1.06
345,2,0.556102,0.221837,1.08
346,3,0.553714,1.75128,1.11
347,2,0.550116,0.405056,1.13
348,2,0.548683,2.06363,1.15
349,1,0.547682,0.468339,1.16
350,1,0.546184,0.393781,1.17
351,0,0.545188,0.328075,1.16
352,1,0.543768,0.3842,1.15
353,3,0.541292,0.418265,1.17
354,4,0.537634,0.391317,1.2
355,1,0.536933,2.75602,1.2
356,2,0.535116,0.451203,1.22
357,1,0.534628,0.678994,1.21
358,0,0.533583,1.37758,1.2
359,3,0.531015,2.34102,1.22
360,3,0.527977,0.432928,1.24
361,5,0.523248,0.469675,1.29
362,3,0.522089,0.398241,1.31
363,2,0.519983,0.441013,1.33
364,3,0.516267,0.538865,1.34
365,0,0.515527,0.276034,1.33
366,1,0.514519,0.538728,1.32
367,1,0.513179,0.624378,1.33
368,3,0.511509,3.04729,1.36
369,3,0.50918,0.348298,1.39
370,1,0.508317,3.41875,1.37
371,1,0.506861,0.585385,1.38
372,1,0.506069,0.330463,1.38
373,1,0.505277,2.92715,1.36
374,3,0.502583,2.0744,1.39
375,5,0.499708,0.83173,1.44
376,2,0.499317,0.775024,1.46
377,1,0.497821,0.593664,1.46
378,1,0.497173,0.5148,1.47
379,2,0.494586,0.416906,1.48
380,4,0.492077,0.35655,1.52
381,2,0.489709,0.294087,1.54
382,1,0.488433,0.434834,1.55
383,2,0.485956,0.379045,1.57
384,3,0.481728,4.37292,1.58
385,0,0.481289,2.274,1.56
386,0,0.480161,0.439469,1.55
387,5,0.476729,0.362642,1.58
388,1,0.475487,0.266491,1.58
389,1,0.474249,2.85875,1.58
390,2,0.473137,2.80564,1.59
391,2,0.470553,0.393605,1.61
392,2,0.46841,2.6122,1.61
393,2,0.467556,1.69977,1.61
394,1,0.466764,2.84826,1.61
395,5,0.461138,0.421999,1.66
396,1,0.460417,0.725467,1.65
397,1,0.459157,1.99524,1.64
398,4,0.456173,0.307512,1.68
399,2,0.454748,0.411249,1.68
400,2,0.453445,0.588198,1.69
401,1,0.45044,0.474018,1.67
402,1,0.44997,0.536308,1.64
403,1,0.448155,0.39941,1.65
404,2,0.446871,0.292224,1.66
405,1,0.445881,2.06054,1.65
406,1,0.44472,2.16481,1.65
407,2,0.443967,3.61823,1.66
408,2,0.443099,0.841924,1.67
409,1,0.442753,0.629394,1.67
410,1,0.442176,2.56605,1.66
411,1,0.441542,0.733694,1.66
412,1,0.440679,1.93474,1.64
413,1,0.44022,0.302259,1.64
414,4,0.438044,3.59941,1.66
415,0,0.437758,0.691603,1.63
416,1,0.436561,0.41112,1.63
417,1,0.435424,0.417957,1.63
418,5,0.433272,0.306964,1.66
419,2,0.432087,0.356405,1.68
420,8,0.427881,0.761478,1.75
421,1,0.42738,0.894523,1.75
422,1,0.425878,0.246418,1.76
423,2,0.424325,0.511742,1.77
424,1,0.422889,0.253507,1.75
425,1,0.422283,1.57539,1.76
426,3,0.419758,1.4958,1.77
427,4,0.418173,2.04116,1.8
428,1,0.417138,3.38655,1.81
429,1,0.415077,0.629037,1.79
430,3,0.413887,3.19762,1.8
431,1,0.413348,4.93382,1.78
432,3,0.410769,0.480006,1.8
433,1,0.41002,0.502567,1.81
434,1,0.409592,0.368336,1.81
435,2,0.408259,4.04107,1.82
436,3,0.406718,3.36305,1.85
437,1,0.406241,3.09192,1.86
438,1,0.405025,0.40517,1.85
439,1,0.403917,0.693153,1.86
440,2,0.403128,0.335586,1.87
441,0,0.402287,0.6221,1.86
442,1,0.401973,0.201321,1.85
443,2,0.400299,3.37453,1.87
444,1,0.399517,0.558966,1.86
445,1,0.398684,2.58502,1.85
446,3,0.396403,0.943813,1.85
447,1,0.395835,1.75844,1.84
448,5,0.39393,0.633806,1.87
449,9,0.38974,0.322913,1.95
450,1,0.389029,1.07536,1.95
451,1,0.388421,1.90357,1.96
452,2,0.387459,0.991937,1.97
453,1,0.386602,0.727356,1.95
454,0,0.386148,0.48537,1.91
455,5,0.383539,0.358451,1.95
456,2,0.381842,0.510508,1.95
457,2,0.380798,0.82884,1.96
458,4,0.37941,0.623712,2
459,5,0.376306,1.06085,2.02
460,5,0.373178,0.721966,2.04
461,1,0.372109,0.601154,2
462,9,0.368872,0.415606,2.06
463,4,0.366762,1.52625,2.08
464,0,0.366188,2.89523,2.05
465,6,0.362719,0.652899,2.11
466,1,0.362246,0.404051,2.11
467,1,0.361303,0.5427,2.11
468,4,0.359048,0.392012,2.12
469,0,0.358487,0.290088,2.09
470,1,0.357833,0.703431,2.09
471,1,0.356855,0.436814,2.09
472,4,0.355137,0.413555,2.12
473,2,0.353981,0.689364,2.13
474,1,0.352645,1.6082,2.11
475,3,0.350627,0.355544,2.09
476,2,0.350079,3.10391,2.09
477,3,0.348576,0.514522,2.11
478,4,0.347306,0.569088,2.14
479,8,0.344105,0.296025,2.2
480,6,0.342002,0.585614,2.22
481,1,0.341512,0.527838,2.21
482,8,0.336868,0.587894,2.28
483,1,0.335947,0.291609,2.27
484,2,0.33529,1.37874,2.26
485,5,0.333459,0.6921,2.31
486,2,0.332677,0.574143,2.33
487,5,0.330386,0.415594,2.33
488,4,0.328667,0.330995,2.36
489,3,0.32764,1.7566,2.38
490,1,0.326915,3.43762,2.37
491,4,0.324325,0.499329,2.39
492,1,0.323775,0.623703,2.38
493,3,0.322469,0.721225,2.39
494,0,0.322175,0.523971,2.38
495,0,0.321839,0.448162,2.33
496,5,0.319956,0.503872,2.37
497,5,0.317876,0.411023,2.41
498,0,0.317586,0.440345,2.37
499,2,0.316677,0.270417,2.37
500,0,0.316099,0.53684,2.35
501,2,0.314988,0.575185,2.36
502,1,0.314291,0.798834,2.36
503,5,0.312737,3.04041,2.4
504,4,0.311638,0.337802,2.42
505,5,0.308846,0.880616,2.46
506,4,0.3074,0.397938,2.49
507,3,0.305641,0.345098,2.5
508,0,0.305362,1.92808,2.48
509,2,0.303893,0.389011,2.49
510,0,0.303655,0.463166,2.48
511,1,0.303259,0.546772,2.48
512,1,0.302864,0.729313,2.48
513,2,0.302036,0.236374,2.49
514,6,0.299487,3.02159,2.51
515,6,0.29723,0.636482,2.57
516,1,0.296804,0.47625,2.57
517,3,0.295684,1.77598,2.59
518,3,0.294261,3.26559,2.57
519,0,0.293992,5.08255,2.55
520,1,0.293724,0.352314,2.48
521,7,0.291169,4.62491,2.54
522,7,0.287547,1.07487,2.6
523,2,0.286312,0.495276,2.6
524,1,0.285939,0.331325,2.6
525,10,0.281132,1.81874,2.69
526,1,0.280803,3.70915,2.67
527,7,0.278433,1.10333,2.7
528,5,0.276479,1.51609,2.74
529,1,0.275939,0.312583,2.74
530,5,0.273538,0.772858,2.76
531,0,0.273289,0.347368,2.75
532,7,0.271017,0.877323,2.79
533,3,0.269818,1.32585,2.81
534,5,0.26824,1.55123,2.85
535,10,0.264799,1.82082,2.93
536,3,0.2638,0.849392,2.93
537,2,0.26277,1.12263,2.94
538,2,0.261914,0.956846,2.95
539,0,0.261641,0.42686,2.94
540,1,0.261266,2.67927,2.93
541,1,0.260892,0.689413,2.94
542,1,0.260111,2.04481,2.94
543,3,0.258622,0.586799,2.95
544,2,0.257814,0.668718,2.96
545,1,0.257445,2.28348,2.96
546,3,0.256272,1.7362,2.96
547,13,0.252162,0.668484,3.08
548,8,0.248635,0.413906,3.11
549,5,0.247213,2.20892,3.07
550,0,0.247052,0.30196,3.06
551,9,0.244775,0.564596,3.14
552,4,0.243915,1.27057,3.16
553,5,0.242772,1.80658,3.2
554,1,0.242235,0.684831,3.21
555,6,0.240975,0.439851,3.22
556,2,0.239877,0.336598,3.22
557,1,0.239159,0.984667,3.21
558,2,0.238008,3.24913,3.19
559,7,0.235814,0.732187,3.21
560,9,0.233977,5.70171,3.25
561,1,0.233519,0.296493,3.25
562,9,0.231096,0.75826,3.25
563,4,0.230014,0.451046,3.25
564,8,0.228578,0.516596,3.33
565,4,0.227567,0.547706,3.31
566,3,0.226915,0.532031,3.33
567,7,0.225382,0.795915,3.39
568,5,0.224385,0.490251,3.4
569,3,0.223101,1.35018,3.43
570,22,0.216679,0.378546,3.64
571,4,0.215664,1.02598,3.67
572,1,0.215327,0.827396,3.64
573,5,0.214095,0.487284,3.67
574,7,0.212039,3.3187,3.73
575,1,0.211762,0.758579,3.71
576,1,0.211486,0.347366,3.7
577,5,0.210523,3.03522,3.72
578,0,0.210276,2.27809,3.68
579,3,0.209455,7.45457,3.63
580,4,0.208583,3.57782,3.61
581,7,0.20712,0.750556,3.67
582,4,0.206445,0.883345,3.63
583,2,0.205908,2.90412,3.64
584,9,0.203691,1.9024,3.71
585,12,0.201236,0.566176,3.78
586,5,0.200085,0.788942,3.81
587,1,0.199824,0.528328,3.77
588,10,0.197467,0.501288,3.83
589,1,0.197261,0.937812,3.81
590,13,0.194046,1.2521,3.93
591,4,0.192509,1.55179,3.93
592,15,0.18947,0.424121,4.07
593,1,0.189298,0.413364,4.05
594,13,0.186504,0.731642,4.18
595,7,0.185558,0.88756,4.25
596,4,0.185244,0.705971,4.24
597,7,0.183513,0.833887,4.26
598,5,0.182344,0.421286,4.31
599,2,0.181798,0.651442,4.31
600,5,0.180734,0.420158,4.36
601,5,0.180193,0.279845,4.39
602,2,0.179794,0.669571,4.4
603,8,0.178137,0.522039,4.43
604,3,0.177511,0.695918,4.42
605,6,0.176449,2.41204,4.43
606,1,0.176173,0.789138,4.4
607,2,0.175967,0.648968,4.39
608,1,0.1756,0.47054,4.4
609,7,0.174004,0.570908,4.45
610,17,0.171348,1.93918,4.62
611,17,0.168687,0.670238,4.78
612,16,0.165528,3.1865,4.93
613,2,0.165139,0.915775,4.93
614,12,0.163128,0.649286,4.99
615,5,0.162215,0.467462,4.98
616,2,0.161793,0.385598,4.99
617,3,0.160972,0.392503,4.99
618,1,0.160762,1.22633,4.97
619,1,0.160574,0.617809,4.98
620,10,0.159011,0.831216,5.07
621,10,0.156972,0.383654,5.1
622,10,0.155484,0.815354,5.13
623,8,0.153831,4.27258,5.19
624,8,0.152353,0.579224,5.26
625,6,0.151383,0.573146,5.22
626,3,0.151028,0.393136,5.24
627,8,0.149461,0.552189,5.25
628,6,0.148548,0.519639,5.26
629,3,0.148141,3.53337,5.28
630,14,0.146241,0.445887,5.37
631,5,0.145064,0.638863,5.42
632,10,0.143352,1.21357,5.45
633,6,0.142681,0.489331,5.48
634,4,0.141902,0.600031,5.47
635,0,0.141735,0.669634,5.37
636,2,0.141292,0.965711,5.36
637,9,0.139954,0.326614,5.43
638,10,0.138465,0.569114,5.51
639,11,0.137046,1.81864,5.62
640,9,0.135695,0.608308,5.7
641,11,0.133867,0.487156,5.8
642,17,0.131205,0.636588,5.96
643,21,0.127578,0.5747,6.14
644,16,0.12545,2.02134,6.28
645,6,0.124505,0.672977,6.33
646,6,0.123825,1.6279,6.36
647,7,0.123132,0.543671,6.3
648,1,0.12294,0.503867,6.23
649,18,0.12059,0.545849,6.36
650,13,0.119167,0.922681,6.49
651,7,0.118269,0.600175,6.47
652,6,0.117593,0.404762,6.49
653,9,0.116555,4.88102,6.53
654,3,0.116175,0.838509,6.55
655,11,0.115105,3.12487,6.6
656,7,0.113895,0.470079,6.65
657,0,0.113791,1.26992,6.64
658,3,0.113599,3.39129,6.65
659,13,0.111747,0.46758,6.71
660,0,0.111645,0.307579,6.62
661,10,0.110041,2.93811,6.71
662,17,0.10753,0.338405,6.79
663,17,0.105544,0.759181,6.92
664,5,0.105049,0.568935,6.89
665,6,0.104271,0.632747,6.91
666,5,0.103837,0.539206,6.93
667,17,0.102039,2.07109,7.03
668,1,0.101932,3.154,6.99
669,4,0.101508,0.657681,7
670,2,0.101323,0.826955,6.8
671,9,0.100049,0.545527,6.85
672,12,0.0988044,0.896297,6.96
673,8,0.0980088,0.900781,6.99
674,8,0.0970802,0.875811,7
675,21,0.094791,0.519388,7.2
676,19,0.0924472,3.10407,7.38
677,18,0.0910712,0.681013,7.51
678,10,0.0900321,0.489518,7.61
679,3,0.0898561,0.403289,7.61
680,12,0.0888193,0.707399,7.69
681,4,0.0885187,0.534134,7.66
682,7,0.0879434,0.69018,7.69
683,21,0.0856795,0.483127,7.88
684,1,0.0856013,1.01982,7.8
685,24,0.0834194,1.92278,7.92
686,4,0.0831263,3.25818,7.91
687,2,0.0829638,4.11961,7.92
688,5,0.0825645,0.732461,7.87
689,7,0.0819852,0.361051,7.93
690,6,0.0815267,2.17684,7.86
691,15,0.0800832,2.84931,7.97
692,15,0.0787987,2.00318,7.97
693,13,0.0779606,1.11603,8.09
694,20,0.0760528,1.63383,8.16
695,18,0.0740949,0.342708,8.27
696,5,0.0736422,1.37087,8.28
697,2,0.073575,0.648939,8.23
698,19,0.0721122,0.39993,8.37
699,14,0.0711038,0.698983,8.49
700,13,0.0699998,0.366952,8.57
701,13,0.069156,0.69503,8.65
702,20,0.0676487,0.71344,8.83
703,18,0.0665896,0.43715,8.93
704,24,0.0643111,0.527418,9.14
705,2,0.0641436,0.469582,9.1
706,20,0.0627782,0.726288,9.29
707,14,0.0617874,0.938006,9.41
708,12,0.0609948,0.88413,9.52
709,12,0.0601889,0.8587,9.57
710,6,0.059868,1.08917,9.46
711,17,0.0585707,0.509751,9.46
712,6,0.0582964,0.820875,9.36
713,11,0.0575862,0.349663,9.45
714,15,0.0567143,4.54353,9.48
715,5,0.0563016,0.398584,9.48
716,24,0.0548665,0.404418,9.7
717,0,0.0548236,3.99404,9.67
718,16,0.0538459,0.627699,9.82
719,14,0.0530444,0.5025,9.95
720,1,0.0529684,0.54109,9.86
721,14,0.0521052,0.48274,9.9
722,21,0.0508765,0.674158,10.01
723,4,0.0506713,0.510062,9.97
724,9,0.0502043,3.12749,9.98
725,3,0.0500279,0.54747,9.95
726,11,0.0493089,0.811468,10.03
727,1,0.0492575,0.657792,9.96
728,7,0.0488673,0.501755,9.97
729,11,0.0484485,0.45372,10.05
730,14,0.0476465,0.636794,10.05
731,20,0.0463897,0.642031,10.2
732,15,0.0456754,0.606978,10.25
733,9,0.0452663,2.80531,10.28
734,9,0.0449487,0.692458,10.33
735,4,0.044674,0.667284,10.37
736,15,0.0439403,0.63076,10.5
737,4,0.0438087,1.85001,10.45
738,8,0.0436092,0.837111,10.43
739,28,0.0424866,4.27978,10.6
740,6,0.042084,0.46791,10.57
741,5,0.0419197,0.722178,10.51
742,8,0.0415226,0.67008,10.42
743,7,0.041156,0.720687,10.28
744,12,0.0406546,0.800333,10.24
745,26,0.0396494,0.808623,10.44
746,12,0.038988,0.862227,10.5
747,20,0.0380935,1.21125,10.63
748,9,0.037703,0.805301,10.71
749,9,0.0374141,0.811558,10.62
750,3,0.0373458,0.463649,10.52
751,11,0.0369631,2.67279,10.56
752,1,0.0368764,0.57181,10.51
753,8,0.0366224,2.11427,10.5
754,17,0.0358663,0.703576,10.64
755,20,0.0353002,1.88145,10.73
756,10,0.0349886,0.663678,10.76
757,10,0.0346706,4.90852,10.86
758,15,0.0340612,2.91647,10.98
759,11,0.0337253,0.794945,10.96
760,3,0.0335936,0.420993,10.99
761,25,0.0326436,0.78685,11.14
762,2,0.0325331,0.557251,10.99
763,17,0.031957,0.583804,10.99
764,26,0.0311587,0.708996,11.2
765,20,0.0303448,0.54853,11.34
766,18,0.0297066,0.520329,11.47
767,18,0.0291844,1.10941,11.48
768,10,0.0288627,0.738848,11.57
769,25,0.0280977,0.753237,11.78
770,14,0.0277011,1.86424,11.9
771,24,0.0271327,3.11584,12.05
772,16,0.0267323,2.81543,12.09
773,16,0.0261394,0.779777,12.17
774,14,0.0257873,0.536158,12.23
775,9,0.025533,2.56939,12.11
776,10,0.025176,1.15817,12.02
777,12,0.0247818,0.653698,11.96
778,16,0.0243971,1.17836,12.02
779,16,0.0239401,0.858824,12.15
780,22,0.0233817,0.825823,12.25
781,9,0.0232115,3.50838,12.3
782,17,0.0227441,0.608108,12.4
783,19,0.0222339,3.31263,12.38
784,34,0.0212309,1.09065,12.71
785,2,0.0211535,0.875472,12.49
786,32,0.0204723,3.47918,12.77
787,12,0.0202361,0.593276,12.87
788,11,0.02,0.564109,12.93
789,20,0.02,0.591732,13.06
790,13,0.02,0.647592,13.13
791,20,0.02,0.939327,13.18
792,18,0.02,1.04591,13.21
793,3,0.02,0.686865,13.11
794,18,0.02,2.4849,13.09
795,14,0.02,2.0414,13.05
796,7,0.02,0.606574,13.07
797,28,0.02,0.87945,13.33
798,11,0.02,1.60034,13.25
799,14,0.02,3.84473,13.25
800,15,0.02,0.89819,13.27
801,17,0.02,3.46654,13.31
802,20,0.02,0.621661,13.31
803,10,0.02,0.650308,13.23
804,13,0.02,1.13585,13.12
805,26,0.02,0.725102,13.36
806,13,0.02,0.474239,13.29
807,19,0.02,1.02165,13.34
808,8,0.02,0.997892,13.3
809,17,0.02,0.66407,13.35
810,7,0.02,0.462234,13.36
811,19,0.02,0.949837,13.38
812,12,0.02,0.395991,13.44
813,18,0.02,0.996665,13.51
814,3,0.02,3.14611,13.39
815,12,0.02,1.0135,13.46
816,18,0.02,0.609798,13.4
817,14,0.02,1.11417,13.54
818,8,0.02,0.654074,13.46
819,11,0.02,0.984282,13.43
820,14,0.02,0.420707,13.56
821,20,0.02,0.730151,13.62
822,25,0.02,0.67897,13.66
823,22,0.02,0.53108,13.84
824,10,0.02,2.51396,13.85
825,28,0.02,1.71994,14.1
826,6,0.02,0.829146,14.05
827,14,0.02,0.947433,14.18
828,2,0.02,0.374657,14.13
829,16,0.02,3.55261,14.18
830,1,0.02,0.795612,14.05
831,9,0.02,0.815878,13.94
832,19,0.02,0.729873,13.98
833,7,0.02,0.383821,13.96
834,16,0.02,0.61337,14.03
835,17,0.02,2.20679,14.16
836,18,0.02,2.03143,14.19
837,0,0.02,0.808125,14.15
838,7,0.02,1.10775,14.14
839,1,0.02,1.08488,13.87
840,41,0.02,1.00688,14.22
841,17,0.02,0.84239,14.34
842,14,0.02,2.62662,14.4
843,17,0.02,1.21952,14.5
844,14,0.02,0.523388,14.52
845,26,0.02,3.68587,14.52
846,24,0.02,3.34175,14.64
847,12,0.02,4.01916,14.56
848,20,0.02,0.418447,14.67
849,10,0.02,0.512435,14.68
850,15,0.02,0.651815,14.8
851,14,0.02,2.65011,14.83
852,21,0.02,0.644858,15.03
853,15,0.02,0.860046,15.1
854,14,0.02,6.61072,15.07
855,15,0.02,0.847788,15.02
856,14,0.02,0.546239,15.06
857,20,0.02,0.677441,15.16
858,17,0.02,0.824393,15.18
859,21,0.02,0.334397,15.28
860,16,0.02,0.914309,15.41
861,25,0.02,4.52602,15.41
862,22,0.02,4.90713,15.61
863,21,0.02,1.5853,15.65
864,2,0.02,0.95495,15.41
865,28,0.02,0.499173,15.49
866,1,0.02,0.490997,15.32
867,12,0.02,0.49786,15.26
868,25,0.02,0.890728,15.41
869,23,0.02,0.791135,15.39
870,31,0.02,0.588445,15.56
871,11,0.02,0.926448,15.43
872,23,0.02,0.592234,15.5
873,16,0.02,0.593828,15.5
874,9,0.02,4.36057,15.45
875,34,0.02,1.4087,15.7
876,15,0.02,2.42957,15.75
877,11,0.02,0.702738,15.74
878,10,0.02,0.843099,15.68
879,22,0.02,0.749583,15.74
880,17,0.02,0.831819,15.69
881,15,0.02,0.864151,15.75
882,0,0.02,0.835613,15.58
883,20,0.02,1.14043,15.59
884,9,0.02,0.499075,15.34
885,8,0.02,2.5688,15.4
886,28,0.02,0.609192,15.36
887,25,0.02,1.14597,15.49
888,26,0.02,2.95795,15.64
889,20,0.02,0.380092,15.64
890,16,0.02,4.78499,15.67
891,15,0.02,0.680079,15.62
892,14,0.02,0.568806,15.58
893,24,0.02,1.88065,15.79
894,22,0.02,2.87403,15.83
895,19,0.02,0.976107,15.88
896,13,0.02,0.597157,15.94
897,20,0.02,1.16773,15.86
898,6,0.02,0.638285,15.81
899,20,0.02,6.93936,15.87
900,21,0.02,0.791264,15.93
901,22,0.02,0.662606,15.98
902,18,0.02,3.52832,15.96
903,12,0.02,0.6276,15.98
904,27,0.02,2.94518,16.12
905,15,0.02,2.90573,16.01
906,14,0.02,0.974202,16.02
907,22,0.02,3.74553,16.05
908,23,0.02,0.635981,16.2
909,17,0.02,0.770143,16.2
910,9,0.02,1.1763,16.22
911,18,0.02,0.570159,16.21
912,9,0.02,1.06954,16.18
913,18,0.02,0.324599,16.18
914,13,0.02,3.5016,16.28
915,18,0.02,0.833178,16.34
916,27,0.02,2.97861,16.43
917,8,0.02,0.491406,16.37
918,20,0.02,3.4084,16.49
919,10,0.02,0.863872,16.48
920,21,0.02,1.18347,16.55
921,14,0.02,0.493687,16.49
922,36,0.02,1.21324,16.6
923,0,0.02,1.0038,16.38
924,9,0.02,1.26583,16.37
925,26,0.02,1.11579,16.35
926,9,0.02,3.94188,16.38
927,33,0.02,1.40057,16.57
928,13,0.02,0.780532,16.68
929,6,0.02,0.398225,16.58
930,13,0.02,2.49251,16.7
931,5,0.02,0.796093,16.66
932,5,0.02,2.40442,16.52
933,3,0.02,1.12716,16.48
934,13,0.02,1.11301,16.45
935,6,0.02,0.604243,16.34
936,7,0.02,0.59604,16.23
937,11,0.02,0.729833,16.34
938,14,0.02,2.50374,16.41
939,11,0.02,0.626844,16.51
940,25,0.02,2.16155,16.35
941,6,0.02,3.257,16.24
942,7,0.02,2.71262,16.17
943,17,0.02,0.95594,16.17
944,10,0.02,0.774469,16.13
945,15,0.02,0.768326,16.02
946,5,0.02,0.776478,15.83
947,15,0.02,0.707092,15.86
948,13,0.02,0.407593,15.79
949,19,0.02,0.952289,15.88
950,8,0.02,0.913658,15.81
951,22,0.02,0.603242,15.89
952,18,0.02,0.687071,15.86
953,16,0.02,0.761004,15.87
954,16,0.02,0.909767,15.89
955,26,0.02,0.98171,16
956,12,0.02,0.756682,15.98
957,16,0.02,7.00438,15.94
958,15,0.02,0.889649,15.92
959,15,0.02,0.728759,15.86
960,28,0.02,0.941785,15.98
961,6,0.02,0.754776,15.79
962,18,0.02,1.97857,15.75
963,28,0.02,1.31955,15.82
964,17,0.02,1.70024,15.97
965,13,0.02,1.24052,15.82
966,1,0.02,2.85137,15.82
967,7,0.02,2.08069,15.77
968,20,0.02,1.04192,15.72
969,15,0.02,0.974772,15.64
970,9,0.02,0.947495,15.42
971,25,0.02,0.519036,15.56
972,15,0.02,1.31435,15.48
973,16,0.02,2.54936,15.48
974,10,0.02,0.566678,15.49
975,5,0.02,1.15259,15.2
976,19,0.02,0.930556,15.24
977,15,0.02,1.35855,15.28
978,19,0.02,2.56533,15.37
979,15,0.02,0.384951,15.3
980,10,0.02,1.14115,15.23
981,21,0.02,3.1087,15.29
982,20,0.02,1.14521,15.49
983,31,0.02,1.0208,15.6
984,23,0.02,1.38074,15.74
985,14,0.02,0.970088,15.8
986,11,0.02,0.352998,15.63
987,19,0.02,3.26585,15.57
988,24,0.02,0.650273,15.55
989,6,0.02,2.75792,15.41
990,23,0.02,4.58555,15.48
991,21,0.02,0.686092,15.54
992,19,0.02,0.855542,15.59
993,9,0.02,1.18088,15.44
994,22,0.02,0.634406,15.44
995,13,0.02,0.809047,15.38
996,10,0.02,6.40392,15.35
997,11,0.02,0.688656,15.26
998,26,0.02,0.984411,15.46
999,7,0.02,6.94494,15.33
1000,17,0.02,1.53619,15.29
1001,24,0.02,0.678235,15.31
1002,17,0.02,1.75666,15.3
1003,24,0.02,1.01105,15.42
1004,10,0.02,0.563901,15.25
1005,31,0.02,3.67462,15.41
1006,18,0.02,1.19311,15.45
1007,19,0.02,3.56189,15.42
1008,13,0.02,0.517371,15.32
1009,11,0.02,0.854329,15.26
1010,10,0.02,0.934491,15.27
1011,11,0.02,0.537794,15.2
1012,12,0.02,0.669216,15.23
1013,14,0.02,0.502205,15.19
1014,21,0.02,5.77062,15.27
1015,21,0.02,0.69181,15.3
1016,22,0.02,0.627699,15.25
1017,19,0.02,1.69238,15.36
1018,13,0.02,1.44196,15.29
1019,8,0.02,0.860746,15.27
1020,21,0.02,0.666765,15.27
1021,11,0.02,1.33072,15.24
1022,12,0.02,0.68083,15
1023,17,0.02,0.877715,15.17
1024,21,0.02,0.525111,15.29
1025,13,0.02,3.31443,15.16
1026,15,0.02,0.912886,15.22
1027,16,0.02,0.494405,15.05
1028,15,0.02,1.79008,15.07
1029,16,0.02,1.11852,15.17
1030,14,0.02,0.733553,15.18
1031,14,0.02,0.663056,15.27
1032,10,0.02,0.757686,15.32
1033,13,0.02,0.4702,15.42
1034,6,0.02,1.31045,15.35
1035,5,0.02,1.72682,15.34
1036,17,0.02,1.24717,15.44
1037,9,0.02,0.840331,15.42
1038,18,0.02,0.58563,15.46
1039,12,0.02,1.32553,15.47
1040,17,0.02,1.19925,15.39
1041,23,0.02,1.24775,15.56
1042,10,0.02,0.795398,15.59
1043,9,0.02,3.12156,15.51
1044,17,0.02,0.542084,15.58
1045,7,0.02,0.729515,15.5
1046,14,0.02,0.849261,15.59
1047,13,0.02,0.927408,15.57
1048,10,0.02,1.11954,15.54
1049,12,0.02,0.834288,15.47
1050,16,0.02,0.698072,15.55
1051,17,0.02,3.02083,15.5
1052,24,0.02,0.77158,15.56
1053,13,0.02,5.76312,15.53
1054,16,0.02,0.678444,15.53
1055,28,0.02,0.970831,15.55
1056,11,0.02,0.735819,15.54
1057,17,0.02,1.38778,15.55
1058,14,0.02,1.31503,15.54
1059,23,0.02,0.564126,15.62
1060,11,0.02,0.647818,15.45
1061,20,0.02,0.722349,15.59
1062,6,0.02,1.98892,15.47
1063,14,0.02,1.00413,15.33
1064,35,0.02,1.39929,15.51
1065,23,0.02,0.909069,15.61
1066,1,0.02,0.49425,15.61
1067,11,0.02,1.08448,15.65
1068,20,0.02,4.0471,15.65
1069,10,0.02,1.21117,15.6
1070,7,0.02,2.12541,15.58
1071,12,0.02,1.74949,15.45
1072,14,0.02,1.26814,15.44
1073,17,0.02,1.18122,15.45
1074,11,0.02,0.881603,15.46
1075,17,0.02,1.00158,15.58
1076,22,0.02,3.36454,15.61
1077,18,0.02,1.4326,15.64
1078,15,0.02,0.687865,15.6
1079,20,0.02,0.475718,15.65
1080,18,0.02,2.93437,15.73
1081,13,0.02,1.09851,15.65
1082,17,0.02,0.718489,15.62
1083,22,0.02,1.96808,15.53
1084,7,0.02,0.791369,15.37
1085,21,0.02,0.599581,15.44
1086,19,0.02,1.57458,15.52
1087,22,0.02,3.45831,15.55
1088,10,0.02,1.05956,15.41
1089,11,0.02,0.811383,15.46
1090,9,0.02,2.1427,15.32
1091,5,0.02,5.50473,15.16
1092,7,0.02,1.02403,15.04
1093,11,0.02,4.54887,15.06
1094,5,0.02,1.20756,14.89
1095,13,0.02,1.70932,14.89
1096,19,0.02,3.80721,14.98
1097,22,0.02,1.28791,15.09
1098,16,0.02,1.44394,14.99
1099,12,0.02,0.728507,15.04
1100,16,0.02,2.22107,15.03
1101,12,0.02,0.930426,14.91
1102,20,0.02,1.15639,14.94
1103,20,0.02,1.12727,14.9
1104,5,0.02,0.852289,14.85
1105,22,0.02,1.82744,14.76
1106,20,0.02,0.830831,14.78
1107,6,0.02,0.64686,14.65
1108,26,0.02,0.670205,14.78
1109,15,0.02,0.981456,14.82
1110,2,0.02,1.26308,14.74
1111,5,0.02,0.670869,14.68
1112,15,0.02,2.3512,14.71
1113,11,0.02,4.97993,14.68
1114,6,0.02,1.2155,14.53
1115,9,0.02,0.944419,14.41
1116,14,0.02,0.632058,14.33
1117,7,0.02,0.633783,14.21
1118,1,0.02,1.77327,14.09
1119,19,0.02,1.44675,14.2
1120,16,0.02,1.76014,14.15
1121,4,0.02,0.8106,14.08
1122,22,0.02,1.07694,14.18
1123,22,0.02,1.15617,14.23
1124,20,0.02,0.644163,14.22
1125,10,0.02,1.06458,14.19
1126,13,0.02,1.31332,14.17
1127,16,0.02,1.36601,14.17
1128,11,0.02,1.08524,14.13
1129,18,0.02,1.08808,14.15
1130,10,0.02,0.833143,14.11
1131,10,0.02,3.12809,14.07
1132,16,0.02,0.936943,14.13
1133,13,0.02,0.479536,14.13
1134,10,0.02,1.07868,14.17
1135,11,0.02,0.935304,14.23
1136,7,0.02,0.929533,14.13
1137,7,0.02,1.34534,14.11
1138,17,0.02,1.21245,14.1
1139,18,0.02,1.16968,14.16
1140,22,0.02,4.79782,14.21
1141,32,0.02,2.33032,14.3
1142,18,0.02,0.592787,14.38
1143,15,0.02,2.03394,14.44
1144,14,0.02,1.34962,14.41
1145,19,0.02,0.689042,14.53
1146,18,0.02,0.622611,14.57
1147,17,0.02,1.08015,14.61
1148,14,0.02,0.903792,14.65
1149,11,0.02,8.30558,14.64
1150,13,0.02,1.68574,14.61
1151,8,0.02,0.616236,14.52
1152,28,0.02,1.02803,14.56
1153,12,0.02,0.665551,14.55
1154,10,0.02,0.573271,14.49
1155,15,0.02,0.781859,14.36
1156,5,0.02,1.25084,14.3
1157,7,0.02,1.01901,14.2
1158,6,0.02,0.491352,14.12
1159,19,0.02,4.71828,14.08
1160,23,0.02,2.68355,14.2
1161,22,0.02,0.996383,14.22
1162,16,0.02,1.49975,14.32
1163,13,0.02,0.858127,14.31
1164,33,0.02,1.04212,14.29
1165,20,0.02,0.655062,14.26
1166,17,0.02,0.914093,14.42
1167,17,0.02,0.777999,14.48
1168,11,0.02,1.94237,14.39
1169,12,0.02,0.781679,14.41
1170,5,0.02,0.622699,14.39
1171,19,0.02,5.88168,14.46
1172,17,0.02,0.446946,14.49
1173,18,0.02,0.679822,14.5
1174,11,0.02,1.46185,14.5
1175,22,0.02,0.747935,14.55
1176,18,0.02,0.957386,14.51
1177,1,0.02,2.10202,14.34
1178,11,0.02,0.474296,14.3
1179,4,0.02,1.1863,14.14
1180,21,0.02,0.676826,14.17
1181,12,0.02,0.691016,14.16
1182,21,0.02,1.06268,14.2
1183,22,0.02,3.41786,14.2
1184,21,0.02,0.624763,14.34
1185,19,0.02,4.12189,14.32
1186,13,0.02,3.33106,14.26
1187,13,0.02,1.5125,14.17
1188,7,0.02,0.981752,14.14
1189,24,0.02,1.5451,14.27
1190,6,0.02,2.35221,14.24
1191,11,0.02,0.814051,14.3
1192,10,0.02,1.79017,14.33
1193,18,0.02,3.76252,14.4
1194,20,0.02,2.75213,14.55
1195,17,0.02,3.80675,14.59
1196,16,0.02,1.24363,14.56
1197,8,0.02,0.953906,14.42
1198,8,0.02,0.640112,14.34
1199,12,0.02,0.965622,14.34
1200,11,0.02,1.14532,14.29
1201,16,0.02,0.742443,14.33
1202,7,0.02,1.00309,14.2
1203,18,0.02,2.4127,14.18
1204,6,0.02,1.15643,14.19
1205,11,0.02,1.12731,14.08
1206,15,0.02,1.75264,14.03
1207,18,0.02,0.866757,14.15
1208,10,0.02,1.28491,13.99
1209,20,0.02,2.99532,14.04
1210,9,0.02,4.25314,14.11
1211,5,0.02,3.07039,14.11
1212,12,0.02,1.26044,14.08
1213,20,0.02,4.3002,14.17
1214,1,0.02,3.16834,14.12
1215,6,0.02,0.46493,14.09
1216,3,0.02,0.707699,13.98
1217,4,0.02,1.08957,13.95
1218,24,0.02,1.75659,14.18
1219,16,0.02,1.67996,14.15
1220,14,0.02,1.85673,14.13
1221,15,0.02,1.86747,14.24
1222,20,0.02,2.32631,14.22
1223,17,0.02,1.169,14.17
1224,3,0.02,3.06443,14
1225,15,0.02,0.935774,14.05
1226,7,0.02,0.730288,13.99
1227,20,0.02,3.06949,14.03
1228,21,0.02,2.90291,14.13
1229,14,0.02,0.769121,14.09
1230,9,0.02,2.77285,14.08
1231,18,0.02,2.93617,14.16
1232,4,0.02,3.61378,14.04
1233,14,0.02,0.994732,14.05
1234,10,0.02,3.40719,14.05
1235,1,0.02,1.60835,13.95
1236,22,0.02,1.94063,14.1
1237,13,0.02,0.82163,14.16
1238,7,0.02,3.94939,14.06
1239,25,0.02,3.09098,14.13
1240,21,0.02,1.14661,14.12
1241,12,0.02,2.09999,13.92
1242,38,0.02,1.43286,14.12
1243,13,0.02,3.33426,14.1
1244,11,0.02,0.714335,14.07
1245,10,0.02,3.38969,13.98
1246,19,0.02,0.437782,13.99
1247,13,0.02,0.788164,13.95
1248,14,0.02,3.45477,13.95
1249,17,0.02,0.684229,14.01
1250,18,0.02,0.851714,14.06
1251,22,0.02,0.793967,14.2
1252,23,0.02,0.893979,14.15
1253,19,0.02,0.989586,14.22
1254,16,0.02,2.7455,14.28
1255,20,0.02,0.804964,14.33
1256,12,0.02,1.53511,14.4
1257,16,0.02,1.35626,14.49
1258,10,0.02,3.31397,14.53
1259,12,0.02,1.12427,14.46
1260,21,0.02,0.541221,14.44
1261,15,0.02,3.1155,14.37
1262,19,0.02,3.77292,14.4
1263,12,0.02,2.17315,14.39
1264,17,0.02,3.01027,14.23
1265,17,0.02,0.725166,14.2
1266,2,0.02,1.87328,14.05
1267,5,0.02,0.662399,13.93
1268,29,0.02,0.875899,14.11
1269,12,0.02,1.01411,14.11
1270,9,0.02,1.51014,14.15
1271,6,0.02,3.88377,14.02
1272,16,0.02,0.871657,14.01
1273,12,0.02,1.09951,13.95
1274,22,0.02,0.451994,14.06
1275,10,0.02,0.700334,13.94
1276,12,0.02,0.578675,13.88
1277,6,0.02,0.506752,13.93
1278,15,0.02,2.63822,13.97
1279,10,0.02,3.00258,14.03
1280,3,0.02,0.895817,13.85
1281,24,0.02,1.43703,13.97
1282,23,0.02,2.553,13.99
1283,14,0.02,1.32679,13.91
1284,16,0.02,1.80597,13.86
1285,6,0.02,3.62345,13.73
1286,6,0.02,1.14615,13.66
1287,12,0.02,0.528718,13.65
1288,13,0.02,4.28794,13.71
1289,21,0.02,0.763424,13.68
1290,13,0.02,1.37348,13.75
1291,36,0.02,2.99103,14
1292,35,0.02,0.867762,14.25
1293,13,0.02,1.01408,14.2
1294,10,0.02,0.931673,14.1
1295,3,0.02,1.05276,13.96
1296,33,0.02,0.684212,14.13
1297,22,0.02,1.33829,14.27
1298,11,0.02,0.950788,14.3
1299,11,0.02,0.839619,14.29
1300,23,0.02,0.971212,14.41
1301,29,0.02,0.408195,14.54
1302,16,0.02,0.94602,14.63
1303,13,0.02,2.26093,14.58
1304,17,0.02,0.509882,14.69
1305,13,0.02,1.51658,14.71
1306,15,0.02,1.72142,14.71
1307,14,0.02,0.900113,14.67
1308,11,0.02,0.775935,14.68
1309,14,0.02,1.20194,14.62
1310,2,0.02,0.911796,14.55
1311,0,0.02,0.829082,14.5
1312,14,0.02,1.20624,14.52
1313,4,0.02,1.09398,14.36
1314,9,0.02,0.943519,14.44
1315,19,0.02,5.98404,14.57
1316,28,0.02,4.72063,14.82
1317,21,0.02,3.15274,14.99
1318,20,0.02,1.91695,14.95
1319,13,0.02,0.736541,14.92
1320,17,0.02,1.29082,14.95
1321,13,0.02,0.612267,14.93
1322,13,0.02,0.813872,14.86
1323,2,0.02,2.57213,14.71
1324,10,0.02,3.31467,14.78
1325,11,0.02,1.1773,14.74
1326,6,0.02,2.2527,14.73
1327,16,0.02,1.31382,14.69
1328,6,0.02,1.17214,14.54
1329,10,0.02,0.992518,14.5
1330,6,0.02,0.977044,14.47
1331,30,0.02,1.14192,14.59
1332,14,0.02,3.08289,14.69
1333,14,0.02,1.40492,14.69
1334,36,0.02,0.99375,14.95
1335,4,0.02,0.695555,14.98
1336,14,0.02,5.84119,14.9
1337,27,0.02,0.511941,15.04
1338,8,0.02,2.33317,15.05
1339,15,0.02,1.54224,14.95
1340,13,0.02,0.476384,14.87
1341,8,0.02,0.515994,14.83
1342,6,0.02,1.86245,14.51
1343,9,0.02,2.05398,14.47
1344,20,0.02,4.42943,14.56
1345,18,0.02,0.750843,14.64
1346,24,0.02,1.67885,14.69
1347,24,0.02,0.961084,14.8
1348,22,0.02,1.62608,14.88
1349,16,0.02,0.659601,14.87
1350,20,0.02,1.0474,14.89
1351,18,0.02,1.63229,14.85
1352,4,0.02,1.12374,14.66
1353,0,0.02,1.95353,14.47
1354,15,0.02,1.47159,14.46
1355,10,0.02,1.18155,14.36
1356,20,0.02,1.0759,14.44
1357,11,0.02,4.00704,14.39
1358,8,0.02,0.548136,14.37
1359,16,0.02,1.85855,14.41
1360,8,0.02,1.06945,14.28
1361,22,0.02,1.74617,14.35
1362,18,0.02,0.518124,14.34
1363,26,0.02,2.68505,14.48
1364,17,0.02,3.65587,14.48
1365,17,0.02,0.899155,14.48
1366,18,0.02,1.04324,14.64
1367,19,0.02,1.4003,14.78
1368,13,0.02,1.66882,14.62
1369,13,0.02,1.15789,14.63
1370,16,0.02,1.43617,14.7
1371,17,0.02,1.38342,14.81
1372,21,0.02,0.670324,14.86
1373,31,0.02,0.805652,15.05
1374,33,0.02,0.626468,15.16
1375,18,0.02,1.13705,15.24
1376,4,0.02,1.04251,15.16
1377,3,0.02,1.05848,15.13
1378,11,0.02,0.694261,15.09
1379,21,0.02,0.835686,15.2
1380,23,0.02,1.49641,15.4
1381,23,0.02,0.783845,15.39
1382,30,0.02,2.97519,15.46
1383,10,0.02,1.5828,15.42
1384,13,0.02,1.21869,15.39
1385,16,0.02,5.19527,15.49
1386,17,0.02,0.818843,15.6
1387,11,0.02,1.24592,15.59
1388,23,0.02,0.706648,15.69
1389,9,0.02,1.26501,15.57
1390,14,0.02,1.47382,15.58
1391,30,0.02,1.24121,15.52
1392,11,0.02,2.75337,15.28
1393,35,0.02,3.04604,15.5
1394,24,0.02,1.146,15.64
1395,21,0.02,1.4718,15.82
1396,4,0.02,3.52576,15.53
1397,15,0.02,1.92123,15.46
1398,13,0.02,3.62913,15.48
1399,3,0.02,0.743572,15.4
1400,16,0.02,0.754577,15.33
1401,15,0.02,0.636918,15.19
1402,13,0.02,2.55492,15.16
1403,15,0.02,2.01748,15.18
1404,17,0.02,0.609984,15.18
1405,7,0.02,1.09412,15.12
1406,4,0.02,0.737183,15.01
1407,27,0.02,1.08222,15.14
1408,21,0.02,3.26371,15.24
1409,20,0.02,1.11197,15.3
1410,24,0.02,0.949538,15.52
1411,12,0.02,0.488781,15.64
1412,15,0.02,2.25991,15.65
1413,13,0.02,0.574635,15.74
1414,9,0.02,2.91298,15.74
1415,20,0.02,1.00148,15.75
1416,20,0.02,0.700903,15.67
1417,16,0.02,1.59369,15.62
1418,2,0.02,1.16406,15.44
1419,16,0.02,1.0934,15.47
1420,2,0.02,1.19315,15.32
1421,12,0.02,1.74102,15.31
1422,17,0.02,1.82595,15.35
1423,18,0.02,3.26518,15.51
1424,13,0.02,1.56146,15.54
1425,17,0.02,1.2054,15.6
1426,27,0.02,4.73762,15.81
1427,13,0.02,3.02073,15.78
1428,21,0.02,3.95267,15.93
1429,9,0.02,0.640013,15.92
1430,12,0.02,3.48151,15.98
1431,20,0.02,0.875153,15.88
1432,16,0.02,1.15537,15.9
1433,3,0.02,0.475176,15.79
1434,27,0.02,0.696299,15.7
1435,9,0.02,0.653779,15.75
1436,4,0.02,0.702878,15.65
1437,15,0.02,1.6055,15.53
1438,9,0.02,0.702369,15.54
1439,19,0.02,0.758434,15.58
1440,21,0.02,2.1124,15.66
1441,13,0.02,0.986354,15.71
1442,9,0.02,0.552727,15.74
1443,21,0.02,1.67708,15.86
1444,14,0.02,1.65487,15.8
1445,14,0.02,0.80927,15.76
1446,7,0.02,0.855995,15.59
1447,22,0.02,3.81014,15.57
1448,18,0.02,0.979646,15.53
1449,9,0.02,1.24948,15.46
1450,3,0.02,1.11482,15.29
1451,17,0.02,1.76233,15.28
1452,19,0.02,0.97256,15.43
1453,15,0.02,2.56395,15.58
1454,13,0.02,1.85909,15.56
1455,13,0.02,2.70877,15.59
1456,21,0.02,4.29251,15.6
1457,15,0.02,0.675117,15.64
1458,2,0.02,1.17619,15.58
1459,17,0.02,2.00309,15.59
1460,24,0.02,2.43612,15.75
1461,11,0.02,1.00109,15.64
1462,4,0.02,2.23279,15.5
1463,23,0.02,0.96,15.47
1464,13,0.02,4.63139,15.43
1465,22,0.02,2.11103,15.48
1466,8,0.02,3.4603,15.38
1467,11,0.02,1.04134,15.3
1468,19,0.02,0.547822,15.36
1469,19,0.02,6.01822,15.42
1470,5,0.02,1.21051,15.31
1471,16,0.02,1.58494,15.3
1472,12,0.02,1.4547,15.21
1473,11,0.02,3.88065,15.01
1474,14,0.02,2.04367,14.82
1475,11,0.02,3.46503,14.75
1476,11,0.02,0.784416,14.82
1477,21,0.02,2.61576,15
1478,18,0.02,1.1387,15.07
1479,22,0.02,2.35361,15.08
1480,13,0.02,0.557208,14.98
1481,6,0.02,2.53598,14.81
1482,24,0.02,2.94989,14.75
1483,18,0.02,0.82996,14.83
1484,10,0.02,1.20895,14.8
1485,12,0.02,1.9842,14.76
1486,15,0.02,1.585,14.74
1487,17,0.02,2.19799,14.8
1488,23,0.02,2.43168,14.8
1489,11,0.02,2.16217,14.82
1490,21,0.02,2.55468,14.89
1491,9,0.02,0.432591,14.68
1492,16,0.02,1.43927,14.73
1493,10,0.02,1.76656,14.48
1494,15,0.02,5.40138,14.39
1495,4,0.02,0.970553,14.22
1496,17,0.02,1.13509,14.35
1497,33,0.02,5.60233,14.53
1498,25,0.02,0.954855,14.65
1499,25,0.02,0.781737,14.87
1500,8,0.02,1.18458,14.79
1501,33,0.02,0.515385,14.97
1502,22,0.02,1.47372,15.06
1503,9,0.02,1.77237,15
1504,21,0.02,2.78316,15.04
1505,13,0.02,1.18946,15.1
1506,0,0.02,3.06948,15.06
1507,9,0.02,4.29064,14.88
1508,14,0.02,0.511942,14.81
1509,14,0.02,1.75572,14.75
1510,12,0.02,1.92204,14.63
1511,15,0.02,1.11189,14.66
1512,14,0.02,1.9938,14.65
1513,15,0.02,0.939257,14.67
1514,18,0.02,0.917214,14.76
1515,15,0.02,0.858076,14.71
1516,18,0.02,2.0258,14.69
1517,8,0.02,1.32899,14.61
1518,19,0.02,3.14193,14.78
1519,16,0.02,1.26148,14.78
1520,20,0.02,0.829888,14.96
1521,6,0.02,0.502394,14.9
1522,17,0.02,2.8288,14.9
1523,23,0.02,0.86841,14.95
1524,1,0.02,1.3905,14.83
1525,13,0.02,1.18273,14.79
1526,21,0.02,2.39811,14.73
1527,11,0.02,1.33381,14.71
1528,15,0.02,2.88325,14.65
1529,21,0.02,0.452906,14.77
1530,15,0.02,5.53823,14.8
1531,4,0.02,0.583367,14.64
1532,4,0.02,1.27217,14.52
1533,19,0.02,1.53901,14.68
1534,16,0.02,2.24747,14.57
1535,27,0.02,1.0869,14.75
1536,15,0.02,0.683661,14.86
1537,16,0.02,1.83092,14.87
1538,5,0.02,0.69737,14.83
1539,2,0.02,1.22075,14.66
1540,8,0.02,2.90321,14.53
1541,12,0.02,0.735874,14.52
1542,7,0.02,0.710123,14.5
1543,19,0.02,0.914316,14.48
1544,16,0.02,1.0302,14.5
1545,18,0.02,1.23119,14.54
1546,19,0.02,1.32463,14.66
1547,21,0.02,0.978626,14.65
1548,6,0.02,0.844296,14.53
1549,14,0.02,2.95028,14.58
1550,10,0.02,0.633799,14.65
1551,14,0.02,0.785856,14.62
1552,3,0.02,1.89723,14.46
1553,9,0.02,0.594686,14.4
1554,15,0.02,0.944195,14.42
1555,20,0.02,0.871403,14.49
1556,10,0.02,2.86215,14.38
1557,13,0.02,2.24844,14.36
1558,15,0.02,0.913301,14.49
1559,10,0.02,0.853741,14.42
1560,13,0.02,2.83765,14.31
1561,22,0.02,0.685964,14.42
1562,9,0.02,0.922081,14.47
1563,17,0.02,2.53129,14.41
1564,20,0.02,2.62732,14.48
1565,12,0.02,1.33745,14.38
1566,14,0.02,0.940623,14.44
1567,19,0.02,0.911091,14.52
1568,20,0.02,1.34134,14.53
1569,14,0.02,0.628197,14.48
1570,12,0.02,0.509471,14.55
1571,22,0.02,2.53233,14.61
1572,26,0.02,1.80605,14.75
1573,8,0.02,0.844985,14.72
1574,22,0.02,2.03511,14.8
1575,18,0.02,0.668785,14.87
1576,7,0.02,1.14933,14.83
1577,19,0.02,0.861587,14.81
1578,7,0.02,1.41281,14.7
1579,3,0.02,1.18024,14.51
1580,6,0.02,3.62678,14.44
1581,20,0.02,1.99084,14.58
1582,19,0.02,0.910532,14.53
1583,24,0.02,2.6046,14.59
1584,16,0.02,0.905453,14.65
1585,20,0.02,2.97883,14.73
1586,10,0.02,0.544021,14.68
1587,23,0.02,0.982325,14.74
1588,4,0.02,0.579191,14.55
1589,13,0.02,1.37108,14.57
1590,35,0.02,0.92271,14.71
1591,24,0.02,1.73422,14.86
1592,22,0.02,2.15267,14.92
1593,9,0.02,1.38453,14.91
1594,14,0.02,0.662282,14.9
1595,11,0.02,2.43208,14.97
1596,2,0.02,0.909142,14.82
1597,23,0.02,0.719126,14.72
1598,12,0.02,0.884608,14.59
1599,27,0.02,4.17354,14.61
1600,11,0.02,0.93895,14.64
1601,12,0.02,2.17654,14.43
1602,14,0.02,1.95164,14.35
1603,9,0.02,3.60619,14.35
1604,12,0.02,3.03421,14.26
1605,6,0.02,1.13846,14.19
1606,25,0.02,2.18264,14.44
1607,25,0.02,0.778988,14.6
1608,10,0.02,2.49802,14.56
1609,11,0.02,1.07076,14.53
1610,12,0.02,1.3225,14.53
1611,16,0.02,3.17741,14.54
1612,16,0.02,1.18039,14.56
1613,17,0.02,1.06934,14.58
1614,20,0.02,2.25932,14.6
1615,14,0.02,0.67876,14.59
1616,25,0.02,0.939964,14.66
1617,8,0.02,0.955085,14.66
1618,18,0.02,1.1719,14.65
1619,8,0.02,2.28725,14.57
1620,13,0.02,0.800653,14.5
1621,15,0.02,5.66705,14.59
1622,1,0.02,1.55455,14.43
1623,18,0.02,1.14493,14.38
1624,21,0.02,0.984226,14.58
1625,14,0.02,4.24857,14.59
1626,11,0.02,3.4758,14.49
1627,14,0.02,1.42588,14.52
1628,23,0.02,0.683864,14.6
1629,20,0.02,1.26826,14.59
1630,22,0.02,1.56702,14.66
1631,12,0.02,0.501876,14.74
1632,16,0.02,1.05066,14.86
1633,25,0.02,3.20024,14.92
1634,13,0.02,0.856962,14.89
1635,9,0.02,0.726988,14.71
1636,26,0.02,0.685017,14.82
1637,8,0.02,0.561814,14.74
1638,23,0.02,1.23515,14.92
1639,26,0.02,3.37613,15.16
1640,17,0.02,0.788375,15.25
1641,24,0.02,1.55075,15.37
1642,12,0.02,1.61202,15.42
1643,7,0.02,0.969913,15.3
1644,15,0.02,1.77453,15.29
1645,10,0.02,2.56692,15.21
1646,23,0.02,1.00746,15.25
1647,13,0.02,0.735446,15.17
1648,24,0.02,1.10529,15.35
1649,17,0.02,0.747624,15.38
1650,7,0.02,0.914709,15.35
1651,20,0.02,1.5207,15.41
1652,22,0.02,1.21167,15.6
1653,5,0.02,0.546985,15.56
1654,11,0.02,0.940473,15.52
1655,4,0.02,1.10867,15.36
1656,17,0.02,5.17864,15.43
1657,29,0.02,1.12435,15.59
1658,13,0.02,4.10746,15.57
1659,11,0.02,1.76361,15.58
1660,13,0.02,1.93924,15.58
1661,17,0.02,0.81098,15.53
1662,14,0.02,3.16046,15.58
1663,9,0.02,0.78967,15.5
1664,18,0.02,1.0802,15.48
1665,16,0.02,0.926772,15.52
1666,9,0.02,0.558831,15.47
1667,11,0.02,1.58504,15.39
1668,8,0.02,0.512444,15.27
1669,12,0.02,0.770448,15.25
1670,5,0.02,0.86626,15.18
1671,9,0.02,1.17071,15.05
1672,5,0.02,0.814364,14.84
1673,16,0.02,0.684927,14.92
1674,30,0.02,1.09992,15
1675,2,0.02,0.743263,14.84
1676,21,0.02,1.65418,14.98
1677,12,0.02,1.33455,14.91
1678,8,0.02,0.763166,14.92
1679,21,0.02,1.13665,15.1
1680,16,0.02,2.50842,15.2
1681,17,0.02,1.27434,15.17
1682,17,0.02,2.58461,15.15
1683,22,0.02,1.63027,15.13
1684,20,0.02,1.04336,15.17
1685,21,0.02,1.92918,15.18
1686,28,0.02,0.863416,15.36
1687,13,0.02,0.551016,15.26
1688,13,0.02,1.14468,15.35
1689,23,0.02,0.707884,15.45
1690,16,0.02,2.79283,15.26
1691,0,0.02,2.21217,15.02
1692,13,0.02,0.881459,14.93
1693,15,0.02,3.93525,14.99
1694,16,0.02,0.633762,15.01
1695,18,0.02,0.994759,15.08
1696,8,0.02,0.941649,15.14
1697,0,0.02,0.840065,14.91
1698,3,0.02,1.38235,14.82
1699,24,0.02,0.542064,14.79
1700,15,0.02,1.58368,14.83
1701,14,0.02,1.59507,14.85
1702,1,0.02,4.95904,14.72
1703,11,0.02,3.65147,14.74
1704,8,0.02,2.48645,14.7
1705,20,0.02,6.06879,14.84
1706,17,0.02,2.44535,14.76
1707,27,0.02,0.746614,14.78
1708,12,0.02,1.02013,14.8
1709,8,0.02,3.64928,14.77
1710,17,0.02,0.640469,14.82
1711,6,0.02,1.52057,14.72
1712,8,0.02,0.939438,14.64
1713,15,0.02,0.617902,14.62
1714,9,0.02,2.81283,14.51
1715,20,0.02,1.44985,14.57
1716,9,0.02,0.70314,14.41
1717,12,0.02,1.55727,14.45
1718,18,0.02,0.476292,14.45
1719,14,0.02,0.835967,14.51
1720,13,0.02,1.14942,14.51
1721,7,0.02,0.700835,14.43
1722,10,0.02,1.04462,14.52
1723,29,0.02,2.03336,14.63
1724,24,0.02,3.55036,14.66
1725,20,0.02,0.909683,14.72
1726,10,0.02,2.51832,14.71
1727,20,0.02,2.90331,14.77
1728,5,0.02,2.89558,14.59
1729,10,0.02,0.919426,14.49
1730,15,0.02,1.90294,14.42
1731,13,0.02,0.992593,14.43
1732,15,0.02,1.04456,14.42
1733,23,0.02,1.08932,14.4
1734,19,0.02,0.570593,14.46
1735,29,0.02,2.56454,14.66
1736,4,0.02,0.839817,14.44
1737,19,0.02,1.28807,14.55
1738,19,0.02,1.58828,14.51
1739,5,0.02,2.14818,14.3
1740,21,0.02,1.03199,14.34
1741,17,0.02,1.18221,14.27
1742,17,0.02,1.28525,14.32
1743,5,0.02,2.72909,14.3
1744,9,0.02,0.670781,14.24
1745,8,0.02,1.6978,14.22
1746,17,0.02,1.7797,14.16
1747,14,0.02,1.4382,14.17
1748,7,0.02,1.09648,14
1749,19,0.02,1.6311,14.02
1750,16,0.02,1.95189,14.11
1751,8,0.02,0.628573,13.99
1752,9,0.02,0.834348,13.86
1753,19,0.02,3.33755,14
1754,8,0.02,1.50127,13.97
1755,22,0.02,1.11436,14.15
1756,27,0.02,1.13721,14.25
1757,10,0.02,1.18729,14.06
1758,11,0.02,4.39364,14.04
1759,33,0.02,0.675292,14.26
1760,20,0.02,1.22713,14.33
1761,14,0.02,2.63837,14.3
1762,13,0.02,4.33013,14.29
1763,9,0.02,0.93519,14.29
1764,10,0.02,0.943575,14.21
1765,16,0.02,0.990421,14.21
1766,20,0.02,2.79944,14.32
1767,33,0.02,2.14149,14.54
1768,27,0.02,1.39002,14.73
1769,22,0.02,1.70029,14.83
1770,9,0.02,3.02187,14.87
1771,13,0.02,0.726968,14.91
1772,8,0.02,0.725772,14.94
1773,20,0.02,0.882732,14.98
1774,20,0.02,2.27046,14.88
1775,17,0.02,0.596847,15.03
1776,18,0.02,0.610302,15
1777,23,0.02,1.4903,15.11
1778,8,0.02,0.834377,15.11
1779,15,0.02,1.32153,15.05
1780,28,0.02,1.35248,15.17
1781,12,0.02,2.8163,15.12
1782,10,0.02,3.25377,15.05
1783,15,0.02,2.04667,14.98
1784,8,0.02,2.28607,14.86
1785,15,0.02,1.05328,14.8
1786,7,0.02,1.55538,14.59
1787,22,0.02,1.16452,14.68
1788,17,0.02,1.0842,14.72
1789,14,0.02,0.65535,14.63
1790,19,0.02,1.07197,14.66
1791,22,0.02,1.95069,14.88
1792,3,0.02,1.01838,14.78
1793,33,0.02,3.65452,14.96
1794,30,0.02,0.93128,15.1
1795,29,0.02,1.09698,15.21
1796,1,0.02,1.87608,15.14
1797,6,0.02,1.51853,15.2
1798,30,0.02,0.584907,15.47
1799,23,0.02,0.72025,15.46
1800,21,0.02,1.07493,15.52
1801,26,0.02,1.4031,15.64
1802,27,0.02,4.34775,15.9
1803,11,0.02,1.43437,15.9
1804,22,0.02,4.09771,16.04
1805,10,0.02,1.53765,15.94
1806,33,0.02,0.717778,16.1
1807,17,0.02,1.18651,16
1808,11,0.02,2.16537,15.99
1809,19,0.02,0.606581,16.1
1810,2,0.02,3.35934,15.95
1811,18,0.02,1.37011,16.07
1812,19,0.02,1.37523,16.18
1813,20,0.02,0.672303,16.23
1814,3,0.02,1.02307,16.17
1815,9,0.02,1.34072,16.06
1816,25,0.02,2.70278,16.22
1817,22,0.02,1.1555,16.32
1818,17,0.02,0.750515,16.31
1819,18,0.02,0.938163,16.35
1820,11,0.02,0.971471,16.33
1821,16,0.02,0.445993,16.42
1822,15,0.02,0.97852,16.47
1823,12,0.02,3.25208,16.3
1824,13,0.02,1.95986,16.19
1825,15,0.02,1.29379,16.14
1826,24,0.02,0.654732,16.28
1827,14,0.02,3.73536,16.22
1828,21,0.02,0.958055,16.38
1829,17,0.02,1.88818,16.45
1830,19,0.02,2.67527,16.49
1831,17,0.02,1.2628,16.53
1832,15,0.02,1.34303,16.53
1833,18,0.02,3.45875,16.48
1834,18,0.02,0.966088,16.47
1835,22,0.02,1.28968,16.4
1836,27,0.02,0.998261,16.63
1837,19,0.02,1.86292,16.63
1838,16,0.02,0.764,16.6
1839,3,0.02,3.13514,16.58
1840,11,0.02,0.776421,16.48
1841,16,0.02,1.13429,16.47
1842,18,0.02,1.07134,16.48
1843,14,0.02,0.924324,16.57
1844,9,0.02,1.47248,16.57
1845,13,0.02,2.34239,16.62
1846,5,0.02,1.42913,16.5
1847,16,0.02,1.73036,16.52
1848,9,0.02,2.47246,16.54
1849,16,0.02,0.55322,16.51
1850,16,0.02,1.77468,16.51
1851,8,0.02,0.640204,16.51
1852,19,0.02,1.56902,16.61
1853,12,0.02,2.7591,16.54
1854,1,0.02,0.754463,16.47
1855,31,0.02,0.828238,16.56
1856,21,0.02,1.00851,16.5
1857,25,0.02,3.08089,16.65
1858,18,0.02,1.22856,16.72
1859,18,0.02,0.926176,16.57
1860,7,0.02,0.774172,16.44
1861,7,0.02,1.75121,16.37
1862,19,0.02,1.29987,16.43
1863,29,0.02,1.00096,16.63
1864,2,0.02,0.695953,16.55
1865,23,0.02,3.20743,16.62
1866,18,0.02,1.41397,16.6
1867,21,0.02,1.50398,16.48
1868,25,0.02,0.605424,16.46
1869,17,0.02,1.91509,16.41
1870,3,0.02,0.820838,16.35
1871,9,0.02,2.47646,16.31
1872,17,0.02,4.72277,16.4
1873,7,0.02,0.586317,16.27
1874,25,0.02,1.2583,16.32
1875,19,0.02,2.03604,16.34
1876,18,0.02,2.32224,16.34
1877,13,0.02,1.02585,16.24
1878,18,0.02,1.35839,16.34
1879,7,0.02,1.57911,16.26
1880,17,0.02,0.720924,16.15
1881,21,0.02,0.64477,16.24
1882,20,0.02,1.22987,16.34
1883,13,0.02,4.16822,16.32
1884,30,0.02,2.08773,16.54
1885,19,0.02,5.29062,16.58
1886,14,0.02,1.35269,16.65
1887,13,0.02,0.780683,16.56
1888,13,0.02,2.25755,16.52
1889,15,0.02,0.88309,16.53
1890,1,0.02,4.9609,16.35
1891,25,0.02,0.740185,16.38
1892,18,0.02,3.26533,16.53
1893,1,0.02,0.881174,16.21
1894,28,0.02,0.497062,16.19
1895,8,0.02,3.51511,15.98
1896,11,0.02,3.25456,16.08
1897,24,0.02,2.15799,16.26
1898,20,0.02,0.606123,16.16
1899,19,0.02,1.03384,16.12
1900,13,0.02,1.23088,16.04
1901,8,0.02,1.24328,15.86
1902,13,0.02,0.372685,15.72
1903,18,0.02,0.576941,15.79
1904,14,0.02,0.605068,15.71
1905,5,0.02,0.928637,15.66
1906,27,0.02,1.05523,15.6
1907,21,0.02,0.627267,15.64
1908,18,0.02,1.6509,15.71
1909,11,0.02,2.44427,15.63
1910,10,0.02,0.445991,15.71
1911,21,0.02,3.03869,15.74
1912,20,0.02,4.36711,15.75
1913,25,0.02,1.20701,15.8
1914,27,0.02,0.896222,16.04
1915,28,0.02,0.730581,16.23
1916,26,0.02,1.70277,16.24
1917,23,0.02,3.20417,16.25
1918,17,0.02,0.919615,16.25
1919,15,0.02,0.570661,16.22
1920,10,0.02,0.635783,16.21
1921,22,0.02,1.84716,16.27
1922,21,0.02,1.21547,16.33
1923,21,0.02,1.03276,16.42
1924,22,0.02,3.96994,16.51
1925,9,0.02,1.51485,16.45
1926,22,0.02,1.12267,16.43
1927,2,0.02,0.991052,16.31
1928,17,0.02,0.563171,16.27
1929,12,0.02,2.81324,16.22
1930,7,0.02,0.724387,16.1
1931,16,0.02,0.861275,16.09
1932,8,0.02,1.17224,16.02
1933,6,0.02,0.963723,15.9
1934,8,0.02,2.21759,15.8
1935,20,0.02,0.691216,15.78
1936,13,0.02,1.06661,15.64
1937,16,0.02,1.58492,15.61
1938,12,0.02,0.89165,15.57
1939,29,0.02,0.818831,15.83
1940,14,0.02,4.09502,15.86
1941,11,0.02,0.893247,15.81
1942,20,0.02,1.4598,15.83
1943,26,0.02,0.552877,15.95
1944,4,0.02,0.995182,15.9
1945,17,0.02,1.12449,15.94
1946,13,0.02,1.84119,16.02
1947,13,0.02,2.26689,15.99
1948,22,0.02,1.64558,16.12
1949,4,0.02,0.655019,16
1950,26,0.02,1.11055,16.1
1951,14,0.02,1.62096,16.16
1952,14,0.02,1.73466,16.11
1953,8,0.02,0.899243,16.07
1954,7,0.02,1.788,16.13
1955,17,0.02,0.485279,15.99
1956,19,0.02,2.89768,15.97
1957,10,0.02,0.644985,15.82
1958,7,0.02,0.537111,15.71
1959,23,0.02,4.32572,15.76
1960,14,0.02,3.64963,15.83
1961,13,0.02,0.567966,15.89
1962,14,0.02,0.585892,15.84
1963,17,0.02,3.25079,15.72
1964,24,0.02,1.82951,15.94
1965,7,0.02,1.67344,15.78
1966,11,0.02,0.927787,15.71
1967,22,0.02,3.10052,15.72
1968,25,0.02,3.21849,15.72
1969,18,0.02,2.3406,15.73
1970,27,0.02,0.862498,15.97
1971,12,0.02,0.721767,16
1972,19,0.02,0.657245,16.02
1973,19,0.02,1.01298,16.14
1974,23,0.02,0.636273,16.12
1975,19,0.02,1.9709,16.12
1976,18,0.02,1.47174,16.12
1977,1,0.02,4.59459,16
1978,25,0.02,0.660359,16.07
1979,14,0.02,0.745218,16.14
1980,12,0.02,1.31046,16.09
1981,7,0.02,3.19173,15.95
1982,14,0.02,2.98064,15.89
1983,13,0.02,0.486214,15.89
1984,26,0.02,0.665919,15.85
1985,15,0.02,2.45298,15.81
1986,20,0.02,1.33312,15.87
1987,22,0.02,3.46077,15.96
1988,4,0.02,1.03425,15.87
1989,12,0.02,2.31891,15.84
1990,16,0.02,1.14255,15.99
1991,22,0.02,1.49248,15.96
1992,16,0.02,0.752156,15.94
1993,9,0.02,1.8439,16.02
1994,18,0.02,2.49742,15.92
1995,9,0.02,1.78692,15.93
1996,21,0.02,3.66117,16.03
1997,14,0.02,0.665263,15.93
1998,18,0.02,2.85189,15.91
1999,6,0.02,2.55057,15.78
2000,5,0.02,0.853029,15.7
2001,17,0.02,2.18192,15.79
2002,15,0.02,1.05032,15.81
2003,15,0.02,0.699913,15.78
2004,27,0.02,3.88462,15.91
2005,20,0.02,1.0121,16.06
2006,28,0.02,1.90317,16.07
2007,29,0.02,5.19209,16.15
2008,15,0.02,1.34884,16.12
2009,11,0.02,2.6163,16.12
2010,23,0.02,1.09298,16.25
2011,10,0.02,0.667151,16.14
2012,29,0.02,3.4001,16.23
2013,19,0.02,0.92368,16.17
2014,3,0.02,4.24992,15.93
2015,8,0.02,1.93971,15.73
2016,18,0.02,0.608953,15.65
2017,15,0.02,1.8909,15.57
2018,2,0.02,2.16582,15.42
2019,21,0.02,0.755407,15.48
2020,9,0.02,2.75638,15.47
2021,1,0.02,2.73945,15.26
2022,32,0.02,1.96192,15.37
2023,11,0.02,0.912809,15.27
2024,20,0.02,0.922713,15.25
2025,13,0.02,1.01054,15.29
2026,9,0.02,0.969264,15.16
2027,23,0.02,0.979364,15.37
2028,10,0.02,5.23736,15.3
2029,18,0.02,1.88026,15.36
2030,18,0.02,2.58308,15.47
2031,25,0.02,2.50607,15.56
2032,9,0.02,3.401,15.57
2033,22,0.02,1.01604,15.73
2034,11,0.02,0.94825,15.76
2035,25,0.02,0.955391,15.81
2036,20,0.02,0.693258,15.88
2037,19,0.02,1.5591,15.91
2038,19,0.02,1.1177,15.98
2039,16,0.02,1.03403,15.85
2040,41,0.02,0.332412,16.12
2041,8,0.02,2.42088,16.09
2042,9,0.02,0.894809,15.98
2043,22,0.02,0.795591,15.94
2044,21,0.02,0.789148,16.11
2045,22,0.02,0.783487,16.16
2046,14,0.02,0.758624,16.17
2047,17,0.02,1.27924,16.21
2048,9,0.02,1.20116,16.08
2049,4,0.02,1.38485,16.08
2050,12,0.02,0.291131,15.94
2051,5,0.02,0.861156,15.85
2052,13,0.02,3.0846,15.84
2053,9,0.02,2.78932,15.85
2054,19,0.02,1.68229,15.97
2055,14,0.02,4.27462,15.94
2056,13,0.02,0.712237,15.88
2057,2,0.02,0.691501,15.8
2058,6,0.02,1.51015,15.79
2059,15,0.02,3.14861,15.71
2060,18,0.02,1.85357,15.75
2061,17,0.02,1.8531,15.79
2062,20,0.02,0.822025,15.85
2063,20,0.02,1.40124,15.88
2064,22,0.02,0.607852,15.86
2065,11,0.02,1.30877,15.9
2066,19,0.02,1.03214,15.98
2067,3,0.02,1.05149,15.79
2068,9,0.02,1.13476,15.63
2069,16,0.02,0.977272,15.61
2070,18,0.02,2.65119,15.52
2071,9,0.02,0.678267,15.49
2072,11,0.02,1.47006,15.41
2073,12,0.02,1.5979,15.34
2074,21,0.02,0.654271,15.32
2075,7,0.02,0.747262,15.2
2076,9,0.02,0.877392,15.11
2077,15,0.02,0.784499,15.25
2078,11,0.02,3.09661,15.11
2079,10,0.02,1.33472,15.07
2080,26,0.02,1.99518,15.21
2081,34,0.02,0.637194,15.48
2082,21,0.02,1.17522,15.55
2083,12,0.02,1.9553,15.54
2084,10,0.02,0.501044,15.38
2085,16,0.02,0.479938,15.39
2086,21,0.02,0.719179,15.4
2087,11,0.02,4.05404,15.29
2088,10,0.02,2.6001,15.35
2089,15,0.02,2.53086,15.38
2090,4,0.02,0.616185,15.26
2091,15,0.02,1.18387,15.19
2092,18,0.02,1.26615,15.21
2093,7,0.02,1.47474,15.19
2094,18,0.02,1.78636,15.19
2095,8,0.02,2.14293,15.18
2096,16,0.02,0.737084,15.13
2097,17,0.02,2.62284,15.16
2098,13,0.02,2.99836,15.11
2099,12,0.02,2.0729,15.17
2100,9,0.02,0.894564,15.21
2101,24,0.02,1.12265,15.28
2102,26,0.02,1.07801,15.39
2103,11,0.02,0.927038,15.35
2104,19,0.02,1.18527,15.27
2105,33,0.02,0.963627,15.4
2106,17,0.02,1.44281,15.29
2107,3,0.02,1.47274,15.03
2108,14,0.02,1.47457,15.02
2109,24,0.02,0.64666,15.15
2110,14,0.02,1.62891,15.06
2111,21,0.02,1.3054,15.17
2112,8,0.02,1.5065,14.96
2113,3,0.02,4.36527,14.8
2114,26,0.02,0.726402,15.03
2115,12,0.02,1.94772,15.07
2116,20,0.02,1.52695,15.09
2117,19,0.02,1.07218,15.13
2118,8,0.02,1.13487,15.19
2119,26,0.02,0.8515,15.24
2120,2,0.02,4.91351,15.17
2121,11,0.02,1.04412,15.27
2122,7,0.02,1.01274,15.02
2123,23,0.02,0.945928,15.14
2124,25,0.02,6.62262,15.19
2125,19,0.02,5.42076,15.25
2126,18,0.02,0.772676,15.34
2127,20,0.02,2.53467,15.31
2128,7,0.02,0.651478,15.28
2129,11,0.02,1.81064,15.21
2130,28,0.02,3.52932,15.31
2131,24,0.02,1.86349,15.3
2132,16,0.02,0.81847,15.37
2133,24,0.02,0.652381,15.39
2134,2,0.02,1.46411,15.3
2135,17,0.02,1.05714,15.22
2136,16,0.02,0.630784,15.18
2137,7,0.02,0.793082,15.06
2138,18,0.02,1.32349,15.05
2139,21,0.02,1.49958,15.1
2140,13,0.02,1.85556,14.82
2141,19,0.02,0.685933,14.93
2142,6,0.02,1.77618,14.9
2143,14,0.02,0.717199,14.82
2144,9,0.02,0.991681,14.7
2145,13,0.02,1.12025,14.61
2146,10,0.02,1.03637,14.57
2147,2,0.02,0.994777,14.42
2148,15,0.02,1.05432,14.48
2149,20,0.02,0.51527,14.64
2150,14,0.02,0.795283,14.66
2151,28,0.02,1.67774,14.89
2152,11,0.02,1.34035,14.87
2153,20,0.02,0.848065,14.98
2154,20,0.02,1.0008,14.99
2155,4,0.02,1.59364,14.89
2156,14,0.02,0.428813,14.9
2157,18,0.02,0.760265,15.06
2158,18,0.02,2.86408,15.18
2159,15,0.02,1.00174,15.18
2160,9,0.02,1.20188,15.09
2161,18,0.02,3.75331,15.1
2162,27,0.02,1.0819,15.17
2163,18,0.02,0.729078,15.15
2164,9,0.02,1.03911,15.02
2165,17,0.02,0.881535,15.08
2166,24,0.02,0.71306,15.13
2167,6,0.02,0.571957,15.16
2168,6,0.02,1.61881,15.13
2169,14,0.02,1.22587,15.11
2170,12,0.02,2.66691,15.05
2171,0,0.02,4.05359,14.96
2172,7,0.02,3.17975,14.92
2173,12,0.02,0.762072,14.92
2174,4,0.02,0.981535,14.75
2175,21,0.02,1.53262,14.89
2176,10,0.02,0.410476,14.9
2177,5,0.02,1.43837,14.8
2178,16,0.02,1.17824,14.85
2179,21,0.02,0.819786,14.96
2180,18,0.02,3.00221,14.88
2181,12,0.02,1.16684,14.66
2182,16,0.02,1.46011,14.61
2183,19,0.02,1.05049,14.68
2184,14,0.02,2.23186,14.72
2185,7,0.02,0.421514,14.63
2186,15,0.02,1.00931,14.57
2187,14,0.02,1.5311,14.6
2188,15,0.02,0.812829,14.65
2189,13,0.02,3.73687,14.63
2190,33,0.02,0.958164,14.92
2191,13,0.02,1.09764,14.9
2192,23,0.02,1.19208,14.95
2193,11,0.02,1.22602,14.99
2194,19,0.02,1.42334,15
2195,27,0.02,1.81315,15.19
2196,8,0.02,1.48543,15.11
2197,9,0.02,1.35826,15.03
2198,11,0.02,0.885366,15.01
2199,19,0.02,2.94046,15.08
2200,0,0.02,2.30044,14.99
2201,21,0.02,0.606127,14.96
2202,14,0.02,0.932273,14.84
2203,17,0.02,4.17158,14.9
2204,2,0.02,1.63557,14.73
2205,12,0.02,4.61906,14.52
2206,19,0.02,0.682018,14.54
2207,13,0.02,1.02983,14.64
2208,12,0.02,0.764868,14.62
2209,24,0.02,0.936178,14.62
2210,13,0.02,1.29841,14.61
2211,17,0.02,2.50966,14.57
2212,22,0.02,0.686397,14.71
2213,20,0.02,1.8285,14.88
2214,24,0.02,2.11027,14.86
2215,9,0.02,3.31959,14.83
2216,16,0.02,1.0194,14.79
2217,5,0.02,2.41273,14.65
2218,22,0.02,0.970388,14.79
2219,25,0.02,2.53008,14.78
2220,11,0.02,1.03548,14.87
2221,4,0.02,1.24948,14.8
2222,26,0.02,1.1534,14.99
2223,12,0.02,1.54025,14.88
2224,9,0.02,0.700356,14.72
2225,25,0.02,0.762347,14.78
2226,22,0.02,1.21569,14.82
2227,21,0.02,1.68168,14.83
2228,15,0.02,0.520894,14.91
2229,14,0.02,0.838402,14.94
2230,11,0.02,0.97948,14.77
2231,8,0.02,0.628246,14.61
2232,21,0.02,0.563012,14.66
2233,19,0.02,2.60024,14.61
2234,30,0.02,2.19951,14.89
2235,12,0.02,1.85057,14.84
2236,12,0.02,2.81686,14.8
2237,18,0.02,1.34854,14.91
2238,14,0.02,2.62487,14.87
2239,24,0.02,0.857142,14.9
2240,10,0.02,1.372,14.87
2241,28,0.02,0.812977,14.96
2242,28,0.02,0.842989,15.18
2243,8,0.02,0.809098,15.12
2244,15,0.02,1.30862,15.18
2245,12,0.02,0.887427,15.17
2246,14,0.02,1.81919,15.21
2247,3,0.02,0.959232,15.22
2248,13,0.02,0.521833,15.2
2249,11,0.02,0.83145,15.11
2250,20,0.02,3.36455,15.17
2251,9,0.02,2.60397,14.98
2252,8,0.02,1.96599,14.95
2253,15,0.02,1.04476,14.9
2254,14,0.02,3.25969,14.84
2255,16,0.02,1.33985,14.96
2256,18,0.02,8.46853,15
2257,28,0.02,1.31395,15.1
2258,15,0.02,0.415179,15.07
2259,14,0.02,0.668135,15.06
2260,10,0.02,0.927855,15.07
2261,28,0.02,0.596621,15.17
2262,14,0.02,1.47157,15.04
2263,20,0.02,1.20155,15.06
2264,11,0.02,1.13412,15.08
2265,11,0.02,3.43796,15.02
2266,4,0.02,0.721189,14.82
2267,11,0.02,0.767153,14.87
2268,9,0.02,1.00218,14.9
2269,17,0.02,0.969298,14.93
2270,11,0.02,0.627626,14.92
2271,15,0.02,0.608196,15.07
2272,23,0.02,1.25014,15.23
2273,23,0.02,2.18556,15.34
2274,33,0.02,0.783551,15.63
2275,18,0.02,0.725007,15.6
2276,16,0.02,1.32203,15.66
2277,2,0.02,3.76958,15.63
2278,15,0.02,0.727152,15.62
2279,13,0.02,1.05718,15.54
2280,13,0.02,0.810831,15.49
2281,15,0.02,0.677231,15.52
2282,13,0.02,0.694722,15.49
2283,23,0.02,0.930026,15.53
2284,13,0.02,0.482475,15.52
2285,31,0.02,0.862052,15.76
2286,14,0.02,2.07524,15.75
2287,29,0.02,0.48131,15.9
2288,9,0.02,2.51793,15.84
2289,15,0.02,0.752636,15.86
2290,17,0.02,1.17398,15.7
2291,13,0.02,1.18732,15.7
2292,14,0.02,1.34881,15.61
2293,15,0.02,1.81266,15.65
2294,8,0.02,1.81258,15.54
2295,22,0.02,2.95277,15.49
2296,15,0.02,4.15454,15.56
2297,8,0.02,0.78967,15.55
2298,14,0.02,0.508096,15.58
2299,29,0.02,0.757568,15.68
2300,15,0.02,3.19022,15.83
2301,18,0.02,2.16216,15.8
2302,14,0.02,0.965695,15.8
2303,19,0.02,0.505885,15.82
2304,18,0.02,2.46894,15.98
2305,11,0.02,0.665726,15.97
2306,15,0.02,3.52178,15.93
2307,9,0.02,3.30501,15.89
2308,9,0.02,3.89357,15.86
2309,20,0.02,1.14056,15.82
2310,17,0.02,1.80403,15.86
2311,10,0.02,3.08979,15.79
2312,11,0.02,2.96747,15.68
2313,8,0.02,2.27053,15.56
2314,11,0.02,1.6549,15.43
2315,12,0.02,1.9016,15.46
2316,20,0.02,1.92726,15.5
2317,29,0.02,0.924308,15.74
2318,13,0.02,1.53157,15.65
2319,19,0.02,1.00342,15.59
2320,19,0.02,0.853751,15.67
2321,15,0.02,0.9563,15.78
2322,24,0.02,4.12592,15.76
2323,23,0.02,2.11069,15.87
2324,21,0.02,0.625308,15.99
2325,15,0.02,3.11775,15.89
2326,21,0.02,0.908779,15.88
2327,2,0.02,1.08586,15.69
2328,7,0.02,1.61598,15.61
2329,17,0.02,1.59287,15.64
2330,14,0.02,0.560155,15.67
2331,20,0.02,0.784832,15.79
2332,4,0.02,1.29471,15.62
2333,14,0.02,0.473087,15.57
2334,20,0.02,1.78269,15.47
2335,12,0.02,3.97769,15.47
2336,16,0.02,1.17998,15.51
2337,10,0.02,0.876353,15.43
2338,22,0.02,1.56583,15.51
2339,24,0.02,1.34357,15.51
2340,11,0.02,0.827006,15.52
2341,5,0.02,1.4261,15.29
2342,15,0.02,1.05179,15.16
2343,9,0.02,1.27212,15.17
2344,35,0.02,3.16256,15.37
2345,10,0.02,0.525711,15.35
2346,10,0.02,0.538848,15.31
2347,34,0.02,0.864187,15.62
2348,22,0.02,3.16605,15.71
2349,20,0.02,4.42217,15.8
2350,21,0.02,1.06951,15.81
2351,8,0.02,0.571619,15.8
2352,24,0.02,0.905371,15.96
2353,12,0.02,1.09554,15.93
2354,3,0.02,3.12071,15.82
2355,24,0.02,1.45613,15.9
2356,29,0.02,1.03605,16.01
2357,19,0.02,0.569245,15.92
2358,12,0.02,1.3123,15.89
2359,17,0.02,1.48107,15.92
2360,15,0.02,1.54572,15.97
2361,9,0.02,1.41002,15.78
2362,14,0.02,1.25099,15.78
2363,22,0.02,2.28128,15.8
2364,20,0.02,0.591649,15.89
2365,21,0.02,1.17422,15.99
2366,25,0.02,2.73891,16.2
2367,1,0.02,0.855466,16.1
2368,9,0.02,1.51894,16.1
2369,22,0.02,3.50907,16.15
2370,11,0.02,1.00437,16.15
2371,19,0.02,2.72103,16.19
2372,33,0.02,1.41859,16.29
2373,14,0.02,1.41642,16.2
2374,24,0.02,3.36776,16.11
2375,19,0.02,1.06916,16.12
2376,24,0.02,1.7017,16.2
2377,27,0.02,0.867787,16.45
2378,10,0.02,0.694682,16.4
2379,13,0.02,0.878457,16.4
2380,12,0.02,2.19997,16.39
2381,13,0.02,0.502779,16.37
2382,19,0.02,0.98844,16.43
2383,24,0.02,0.790093,16.44
2384,10,0.02,0.899945,16.41
2385,20,0.02,0.610144,16.3
2386,8,0.02,0.667369,16.24
2387,19,0.02,0.973858,16.14
2388,23,0.02,1.18513,16.28
2389,2,0.02,2.29987,16.15
2390,9,0.02,0.608797,16.07
2391,1,0.02,2.26936,15.95
2392,12,0.02,1.13475,15.93
2393,25,0.02,1.20315,16.03
2394,4,0.02,1.03887,15.99
2395,6,0.02,2.18135,15.83
2396,13,0.02,1.12972,15.81
2397,18,0.02,1.48232,15.91
2398,10,0.02,2.86689,15.87
2399,12,0.02,0.587238,15.7
2400,8,0.02,1.22639,15.63
2401,8,0.02,1.56264,15.53
2402,13,0.02,3.33514,15.52
2403,15,0.02,0.618915,15.48
2404,14,0.02,0.471713,15.44
2405,16,0.02,3.10909,15.49
2406,9,0.02,1.79035,15.43
2407,3,0.02,1.0117,15.37
2408,22,0.02,1.56562,15.5
2409,11,0.02,0.716689,15.41
2410,12,0.02,0.658644,15.36
2411,20,0.02,1.03491,15.46
2412,25,0.02,1.022,15.6
2413,10,0.02,1.22512,15.62
2414,17,0.02,1.15579,15.68
2415,19,0.02,2.77698,15.75
2416,16,0.02,4.83213,15.71
2417,12,0.02,0.870435,15.54
2418,2,0.02,1.11499,15.43
2419,21,0.02,0.774318,15.45
2420,4,0.02,2.82226,15.3
2421,14,0.02,1.09538,15.29
2422,26,0.02,2.95052,15.31
2423,18,0.02,0.845725,15.26
2424,17,0.02,0.95718,15.22
2425,7,0.02,0.78954,15.14
2426,30,0.02,1.92065,15.23
2427,14,0.02,0.770076,15.35
2428,8,0.02,0.670864,15.36
2429,7,0.02,0.906969,15.26
2430,17,0.02,0.884654,15.29
2431,3,0.02,5.47331,15.12
2432,17,0.02,0.715525,15.25
2433,12,0.02,0.910609,15.23
2434,24,0.02,2.68507,15.27
2435,25,0.02,3.38734,15.4
2436,20,0.02,3.23622,15.44
2437,9,0.02,0.682705,15.43
2438,8,0.02,2.29722,15.29
2439,20,0.02,1.53399,15.25
2440,21,0.02,0.677778,15.35
2441,14,0.02,2.16424,15.44
2442,17,0.02,0.695926,15.46
2443,18,0.02,1.50152,15.55
2444,9,0.02,1.52632,15.29
2445,19,0.02,0.566459,15.38
2446,11,0.02,2.54961,15.39
2447,11,0.02,1.16743,15.16
2448,24,0.02,0.810907,15.18
2449,8,0.02,0.967222,15.06
2450,14,0.02,2.18794,14.99
2451,8,0.02,0.835818,14.99
2452,11,0.02,2.6907,14.86
2453,9,0.02,1.06318,14.83
2454,12,0.02,0.620969,14.92
2455,15,0.02,1.37398,14.83
2456,18,0.02,1.64558,14.72
2457,17,0.02,0.908773,14.7
2458,5,0.02,1.321,14.63
2459,8,0.02,0.699968,14.54
2460,20,0.02,0.66535,14.59
2461,19,0.02,0.884025,14.69
2462,9,0.02,0.950682,14.64
2463,19,0.02,1.02001,14.61
2464,19,0.02,0.85218,14.6
2465,20,0.02,0.796545,14.59
2466,19,0.02,1.53086,14.53
2467,21,0.02,1.64849,14.73
2468,13,0.02,1.30908,14.77
2469,15,0.02,0.841574,14.7
2470,11,0.02,2.36886,14.7
2471,18,0.02,1.79244,14.69
2472,13,0.02,1.39574,14.49
2473,20,0.02,0.385617,14.55
2474,4,0.02,0.806621,14.35
2475,9,0.02,2.12205,14.25
2476,12,0.02,1.43458,14.13
2477,18,0.02,0.559367,14.04
2478,22,0.02,1.51223,14.16
2479,22,0.02,2.64231,14.25
2480,14,0.02,1.97432,14.27
2481,7,0.02,2.72335,14.21
2482,2,0.02,1.92561,14.04
2483,6,0.02,0.782149,13.86
2484,10,0.02,0.926778,13.86
2485,3,0.02,5.14451,13.69
2486,15,0.02,2.79908,13.76
2487,14,0.02,0.978997,13.71
2488,18,0.02,0.960208,13.66
2489,21,0.02,1.11163,13.85
2490,17,0.02,3.3533,13.93
2491,7,0.02,2.84144,13.99
2492,3,0.02,1.19262,13.9
2493,6,0.02,0.946937,13.71
2494,32,0.02,0.927232,13.99
2495,11,0.02,2.51012,14.04
2496,21,0.02,0.661905,14.12
2497,17,0.02,4.2318,14.11
2498,14,0.02,0.904732,14.15
2499,15,0.02,3.10523,14.18
2500,17,0.02,1.59033,14.27
2501,16,0.02,3.98055,14.35
2502,16,0.02,2.93409,14.38
2503,11,0.02,0.849893,14.34
2504,14,0.02,0.666395,14.34
2505,26,0.02,3.7034,14.44
2506,15,0.02,0.983183,14.5
2507,9,0.02,0.606142,14.56
2508,19,0.02,3.71205,14.53
2509,16,0.02,0.499442,14.58
2510,10,0.02,1.03169,14.56
2511,18,0.02,0.646994,14.54
2512,18,0.02,1.48656,14.47
2513,18,0.02,2.76099,14.55
2514,1,0.02,0.930652,14.39
2515,7,0.02,2.42324,14.27
2516,10,0.02,2.09727,14.21
2517,19,0.02,1.19274,14.28
2518,21,0.02,0.536336,14.47
2519,11,0.02,2.75106,14.37
2520,22,0.02,1.58408,14.55
2521,10,0.02,0.818082,14.51
2522,12,0.02,1.14806,14.37
2523,20,0.02,0.608884,14.39
2524,7,0.02,1.01371,14.29
2525,24,0.02,4.35565,14.46
2526,2,0.02,1.22835,14.18
2527,12,0.02,0.964462,14.16
2528,10,0.02,1.29983,14.18
2529,14,0.02,1.20727,14.25
2530,24,0.02,1.75903,14.32
2531,10,0.02,0.764043,14.39
2532,17,0.02,3.34973,14.39
2533,6,0.02,0.988156,14.33
2534,23,0.02,1.10002,14.32
2535,12,0.02,1.51093,14.19
2536,9,0.02,1.34614,14.08
2537,21,0.02,1.20798,14.2
2538,21,0.02,0.812809,14.33
2539,21,0.02,0.566105,14.34
2540,14,0.02,1.45874,14.27
2541,24,0.02,4.39674,14.37
2542,19,0.02,1.5776,14.39
2543,15,0.02,0.998325,14.36
2544,17,0.02,4.22593,14.44
2545,13,0.02,2.29642,14.38
2546,10,0.02,0.766417,14.37
2547,11,0.02,1.07384,14.37
2548,18,0.02,1.92118,14.31
2549,1,0.02,1.00535,14.24
2550,15,0.02,4.42818,14.25
2551,18,0.02,1.22112,14.35
2552,10,0.02,3.45576,14.34
2553,2,0.02,6.31704,14.27
2554,13,0.02,1.10822,14.28
2555,27,0.02,0.556882,14.4
2556,20,0.02,1.08314,14.42
2557,21,0.02,0.617923,14.46
2558,19,0.02,2.58303,14.6
2559,19,0.02,1.80135,14.71
2560,22,0.02,2.11228,14.73
2561,8,0.02,1.39281,14.62
2562,17,0.02,1.10093,14.7
2563,1,0.02,2.23974,14.52
2564,14,0.02,2.47712,14.47
2565,13,0.02,4.7414,14.4
2566,18,0.02,1.03968,14.39
2567,22,0.02,2.50101,14.4
2568,15,0.02,4.40159,14.42
2569,22,0.02,3.37338,14.49
2570,10,0.02,0.780249,14.48
2571,5,0.02,3.42557,14.35
2572,13,0.02,1.17087,14.35
2573,17,0.02,0.99484,14.32
2574,18,0.02,1.4669,14.46
2575,13,0.02,2.79471,14.5
2576,9,0.02,0.989283,14.47
2577,27,0.02,2.32402,14.56
2578,19,0.02,1.61266,14.53
2579,8,0.02,1.05181,14.39
2580,11,0.02,1.07446,14.36
2581,23,0.02,4.77016,14.52
2582,25,0.02,4.69297,14.75
2583,11,0.02,1.08458,14.8
2584,27,0.02,1.05425,14.97
2585,12,0.02,0.816466,15.06
2586,8,0.02,1.12957,14.99
2587,24,0.02,0.563716,15.09
2588,10,0.02,1.13146,15.01
2589,2,0.02,0.633069,14.82
2590,31,0.02,2.0199,14.96
2591,12,0.02,1.74957,15.01
2592,7,0.02,1.12372,15.05
2593,19,0.02,0.62753,15.18
2594,9,0.02,3.19849,14.95
2595,11,0.02,1.2421,14.95
2596,12,0.02,4.59332,14.86
2597,22,0.02,0.56561,14.91
2598,12,0.02,0.562185,14.89
2599,15,0.02,3.88511,14.89
2600,24,0.02,0.75184,14.96
2601,16,0.02,3.93348,14.96
2602,16,0.02,3.08774,14.96
2603,21,0.02,2.2286,15.06
2604,17,0.02,1.16445,15.09
2605,16,0.02,2.01128,14.99
2606,19,0.02,0.942402,15.03
2607,8,0.02,1.12252,15.02
2608,22,0.02,0.516492,15.05
2609,12,0.02,3.07905,15.01
2610,12,0.02,3.08463,15.03
2611,15,0.02,1.91419,15
2612,2,0.02,3.60473,14.84
2613,15,0.02,1.41567,14.81
2614,5,0.02,1.07249,14.85
2615,22,0.02,1.75414,15
2616,23,0.02,1.95496,15.13
2617,9,0.02,1.23735,15.03
2618,10,0.02,0.906507,14.92
2619,22,0.02,2.0218,15.03
2620,22,0.02,0.888104,15.03
2621,12,0.02,2.62375,15.05
2622,3,0.02,1.37372,14.96
2623,16,0.02,4.01775,14.92
2624,22,0.02,1.94182,15.07
2625,15,0.02,0.651338,14.98
2626,8,0.02,0.683111,15.04
2627,10,0.02,0.97706,15.02
2628,17,0.02,0.666073,15.09
2629,8,0.02,1.61142,15.03
2630,15,0.02,1.35668,14.94
2631,10,0.02,0.725892,14.94
2632,19,0.02,4.25315,14.96
2633,12,0.02,0.770492,15.02
2634,27,0.02,1.51991,15.06
2635,9,0.02,0.769903,15.03
2636,25,0.02,0.692793,15.19
2637,1,0.02,1.70476,14.99
2638,15,0.02,1.13879,14.93
2639,4,0.02,5.05061,14.76
2640,12,0.02,0.791,14.74
2641,17,0.02,0.961816,14.67
2642,19,0.02,1.41058,14.67
2643,6,0.02,4.12435,14.58
2644,15,0.02,2.37462,14.56
2645,20,0.02,2.24467,14.63
2646,19,0.02,0.898701,14.72
2647,24,0.02,2.09237,14.85
2648,20,0.02,1.03474,14.87
2649,24,0.02,0.5289,15.1
2650,25,0.02,0.922985,15.2
2651,17,0.02,1.48756,15.19
2652,17,0.02,3.5004,15.26
2653,16,0.02,0.694069,15.4
2654,37,0.02,0.749683,15.64
2655,8,0.02,0.964225,15.45
2656,23,0.02,5.08835,15.48
2657,27,0.02,0.966915,15.54
2658,17,0.02,1.49757,15.52
2659,9,0.02,4.92403,15.42
2660,27,0.02,2.32911,15.47
2661,14,0.02,2.35472,15.53
2662,1,0.02,1.5861,15.37
2663,11,0.02,0.6937,15.47
2664,13,0.02,1.63851,15.46
2665,17,0.02,1.86946,15.5
2666,14,0.02,0.777591,15.46
2667,19,0.02,3.58982,15.43
2668,8,0.02,2.34188,15.36
2669,13,0.02,1.24144,15.27
2670,7,0.02,2.08467,15.24
2671,8,0.02,0.724923,15.27
2672,13,0.02,0.839332,15.27
2673,9,0.02,4.00164,15.19
2674,17,0.02,3.3658,15.18
2675,10,0.02,1.17517,15.15
2676,7,0.02,0.429459,15.13
2677,14,0.02,1.46817,15
2678,7,0.02,0.751439,14.88
2679,3,0.02,0.912774,14.83
2680,7,0.02,1.04819,14.79
2681,22,0.02,1.00364,14.78
2682,5,0.02,2.14753,14.58
2683,16,0.02,0.552867,14.63
2684,7,0.02,2.67999,14.43
2685,16,0.02,0.757257,14.47
2686,18,0.02,1.52625,14.57
2687,16,0.02,1.37447,14.49
2688,13,0.02,0.730965,14.52
2689,4,0.02,1.70911,14.54
2690,21,0.02,0.861924,14.44
2691,12,0.02,0.743991,14.44
2692,16,0.02,2.23722,14.53
2693,9,0.02,0.921993,14.43
2694,20,0.02,2.37878,14.54
2695,9,0.02,1.01687,14.52
2696,15,0.02,1.67339,14.55
2697,21,0.02,1.94458,14.54
2698,17,0.02,1.066,14.59
2699,11,0.02,1.36061,14.55
2700,17,0.02,2.29651,14.48
2701,19,0.02,0.713653,14.51
2702,26,0.02,1.26738,14.61
2703,19,0.02,1.98187,14.59
2704,20,0.02,0.985971,14.62
2705,28,0.02,1.05359,14.74
2706,26,0.02,1.77759,14.81
2707,14,0.02,1.32187,14.87
2708,11,0.02,2.8009,14.76
2709,17,0.02,2.09829,14.81
2710,1,0.02,4.25939,14.7
2711,21,0.02,0.690243,14.76
2712,21,0.02,0.928877,14.95
2713,17,0.02,0.40587,14.97
2714,20,0.02,4.01381,15.12
2715,25,0.02,0.788684,15.15
2716,2,0.02,2.92716,14.94
2717,32,0.02,1.34786,15.17
2718,12,0.02,0.626646,15.19
2719,20,0.02,1.06111,15.17
2720,19,0.02,3.08382,15.14
2721,13,0.02,0.995462,15.15
2722,18,0.02,1.87758,15.3
2723,9,0.02,0.55289,15.23
2724,26,0.02,1.01427,15.27
2725,15,0.02,0.920938,15.27
2726,25,0.02,3.34764,15.44
2727,6,0.02,0.735547,15.4
2728,16,0.02,0.598856,15.39
2729,14,0.02,0.747301,15.45
2730,23,0.02,0.65219,15.53
2731,0,0.02,1.35848,15.43
2732,15,0.02,0.721231,15.39
2733,8,0.02,0.962679,15.35
2734,21,0.02,3.36408,15.29
2735,24,0.02,1.3728,15.44
2736,20,0.02,0.642584,15.39
2737,8,0.02,0.631717,15.46
2738,11,0.02,0.994471,15.42
2739,10,0.02,5.66602,15.48
2740,10,0.02,0.917629,15.46
2741,6,0.02,0.856927,15.35
2742,18,0.02,0.864644,15.34
2743,16,0.02,0.443344,15.44
2744,8,0.02,2.7963,15.37
2745,8,0.02,0.801451,15.25
2746,17,0.02,0.510614,15.23
2747,19,0.02,0.658386,15.18
2748,19,0.02,3.57498,15.17
2749,31,0.02,1.86942,15.24
2750,15,0.02,0.873622,15.14
2751,1,0.02,1.01136,14.98
2752,17,0.02,2.15332,14.98
2753,11,0.02,0.829415,14.93
2754,11,0.02,1.72718,14.67
2755,12,0.02,1.11141,14.71
2756,20,0.02,1.58386,14.68
2757,12,0.02,3.71536,14.53
2758,14,0.02,0.700703,14.5
2759,17,0.02,0.613241,14.58
2760,0,0.02,0.87299,14.31
2761,12,0.02,0.676286,14.29
2762,19,0.02,0.847382,14.47
2763,15,0.02,2.07844,14.51
2764,18,0.02,0.38687,14.56
2765,18,0.02,1.64567,14.57
2766,17,0.02,1.21023,14.6
2767,14,0.02,1.23476,14.55
2768,8,0.02,0.842329,14.55
2769,9,0.02,0.973746,14.51
2770,10,0.02,2.45677,14.54
2771,18,0.02,1.4814,14.64
2772,7,0.02,1.10434,14.58
2773,14,0.02,1.18417,14.63
2774,31,0.02,1.01533,14.77
2775,17,0.02,0.941606,14.84
2776,12,0.02,1.40496,14.89
2777,8,0.02,1.12359,14.83
2778,8,0.02,0.643451,14.84
2779,14,0.02,0.582618,14.95
2780,15,0.02,2.9607,15.03
2781,4,0.02,2.73839,14.85
2782,13,0.02,0.869545,14.93
2783,8,0.02,0.834937,14.85
2784,23,0.02,1.46221,15.01
2785,19,0.02,2.37553,15.04
2786,14,0.02,1.54419,15
2787,7,0.02,3.31292,14.91
2788,16,0.02,1.26996,14.94
2789,2,0.02,0.746359,14.92
2790,32,0.02,2.56324,15.03
2791,4,0.02,1.13356,14.95
2792,10,0.02,0.593965,14.89
2793,13,0.02,0.861381,14.93
2794,19,0.02,3.37893,14.92
2795,9,0.02,0.946153,14.92
2796,13,0.02,2.52368,14.9
2797,20,0.02,0.356022,14.89
2798,16,0.02,0.860473,14.88
2799,7,0.02,0.638108,14.84
2800,19,0.02,3.10467,14.86
2801,12,0.02,2.1879,14.79
2802,1,0.02,2.08139,14.54
2803,21,0.02,6.17238,14.56
2804,12,0.02,1.74929,14.48
2805,24,0.02,0.991481,14.44
2806,30,0.02,1.74973,14.48
2807,33,0.02,0.97321,14.67
2808,17,0.02,1.02082,14.73
2809,16,0.02,0.683196,14.72
2810,25,0.02,4.24983,14.96
2811,20,0.02,1.03148,14.95
2812,11,0.02,1.20808,14.85
2813,10,0.02,1.06257,14.78
2814,24,0.02,0.555527,14.82
2815,13,0.02,1.86456,14.7
2816,14,0.02,2.00952,14.82
2817,19,0.02,1.03906,14.69
2818,16,0.02,0.874556,14.73
2819,22,0.02,1.19294,14.75
2820,15,0.02,1.26689,14.71
2821,21,0.02,0.724961,14.79
2822,16,0.02,1.2237,14.77
2823,2,0.02,2.36833,14.7
2824,13,0.02,1.83112,14.57
2825,17,0.02,0.525706,14.59
2826,10,0.02,0.615918,14.44
2827,17,0.02,0.790968,14.55
2828,19,0.02,2.25695,14.58
2829,14,0.02,0.936289,14.58
2830,19,0.02,0.726237,14.54
2831,14,0.02,0.69705,14.68
2832,21,0.02,0.933806,14.74
2833,8,0.02,0.659146,14.74
2834,31,0.02,0.737935,14.84
2835,20,0.02,1.02061,14.8
2836,10,0.02,0.849103,14.7
2837,20,0.02,1.92235,14.82
2838,5,0.02,1.99344,14.76
2839,19,0.02,0.544552,14.85
2840,6,0.02,0.813517,14.81
2841,19,0.02,0.671801,14.94
2842,15,0.02,2.48283,14.91
2843,20,0.02,0.964152,14.95
2844,16,0.02,1.89092,15.03
2845,11,0.02,0.533175,15.06
2846,11,0.02,1.6646,15
2847,15,0.02,1.61312,14.96
2848,10,0.02,1.02307,14.87
2849,19,0.02,3.64391,14.75
2850,12,0.02,0.722445,14.72
2851,12,0.02,1.06027,14.83
2852,4,0.02,1.08802,14.7
2853,19,0.02,2.21585,14.78
2854,12,0.02,0.580785,14.79
2855,12,0.02,1.34076,14.79
2856,11,0.02,2.65857,14.7
2857,17,0.02,1.13111,14.75
2858,5,0.02,3.9619,14.66
2859,23,0.02,0.908979,14.72
2860,26,0.02,1.98036,14.98
2861,28,0.02,2.31482,15.14
2862,15,0.02,1.0012,15.1
2863,24,0.02,2.08264,15.19
2864,15,0.02,2.48944,15.16
2865,10,0.02,0.75024,15.08
2866,9,0.02,1.26173,15
2867,10,0.02,0.490791,14.96
2868,17,0.02,0.723631,15.05
2869,13,0.02,0.541417,15.09
2870,19,0.02,0.974078,15.18
2871,13,0.02,0.450013,15.13
2872,15,0.02,0.871974,15.21
2873,9,0.02,0.735378,15.16
2874,15,0.02,0.601798,15
2875,14,0.02,1.1263,14.97
2876,24,0.02,2.21152,15.09
2877,22,0.02,0.886317,15.23
2878,21,0.02,0.711088,15.36
2879,7,0.02,1.57,15.29
2880,14,0.02,1.56672,15.28
2881,17,0.02,0.562942,15.41
2882,13,0.02,1.14661,15.41
2883,10,0.02,1.72946,15.43
2884,14,0.02,0.779275,15.34
2885,25,0.02,0.870853,15.4
2886,14,0.02,1.10693,15.4
2887,12,0.02,1.48225,15.45
2888,15,0.02,0.892207,15.44
2889,2,0.02,0.802044,15.44
2890,17,0.02,1.40145,15.29
2891,5,0.02,1.20788,15.3
2892,22,0.02,2.10237,15.42
2893,8,0.02,0.816677,15.37
2894,16,0.02,1.76416,15.34
2895,15,0.02,2.04799,15.4
2896,14,0.02,0.895674,15.41
2897,18,0.02,0.83187,15.39
2898,14,0.02,1.32679,15.37
2899,20,0.02,1.14899,15.5
2900,9,0.02,0.925113,15.4
2901,21,0.02,0.787792,15.49
2902,14,0.02,1.2454,15.62
2903,14,0.02,3.6571,15.55
2904,20,0.02,1.86868,15.63
2905,16,0.02,2.68563,15.55
2906,8,0.02,0.697965,15.33
2907,23,0.02,1.14885,15.23
2908,31,0.02,0.516014,15.37
2909,18,0.02,1.47344,15.39
2910,20,0.02,3.15037,15.34
2911,18,0.02,0.585649,15.32
2912,11,0.02,2.78964,15.32
2913,12,0.02,1.41194,15.34
2914,3,0.02,1.33273,15.13
2915,20,0.02,1.2448,15.2
2916,8,0.02,4.48481,15.14
2917,14,0.02,2.16771,15.09
2918,7,0.02,3.4155,15
2919,16,0.02,2.90095,14.94
2920,7,0.02,0.855392,14.86
2921,15,0.02,7.61865,14.8
2922,21,0.02,2.54591,14.85
2923,22,0.02,0.833515,15.05
2924,31,0.02,4.2399,15.23
2925,12,0.02,0.867929,15.18
2926,20,0.02,2.69223,15.28
2927,13,0.02,0.834722,15.24
2928,21,0.02,0.830887,15.26
2929,12,0.02,0.665779,15.24
2930,15,0.02,1.13994,15.2
2931,24,0.02,0.984012,15.3
2932,4,0.02,0.603222,15.13
2933,21,0.02,0.804124,15.26
2934,11,0.02,2.2629,15.06
2935,19,0.02,1.51848,15.05
2936,8,0.02,0.817559,15.03
2937,9,0.02,3.6561,14.92
2938,25,0.02,0.637141,15.12
2939,16,0.02,0.615012,15.09
2940,12,0.02,0.753586,15.15
2941,12,0.02,3.11132,15.08
2942,17,0.02,0.596207,15.1
2943,20,0.02,0.652045,15.1
2944,12,0.02,0.681707,15.06
2945,20,0.02,0.950872,15.15
2946,18,0.02,3.6933,15.22
2947,19,0.02,1.19054,15.26
2948,9,0.02,1.36685,15.25
2949,22,0.02,0.574679,15.28
2950,17,0.02,0.699057,15.33
2951,11,0.02,0.708742,15.32
2952,14,0.02,1.20816,15.42
2953,26,0.02,1.32627,15.49
2954,18,0.02,0.788985,15.55
2955,6,0.02,2.07726,15.49
2956,11,0.02,2.31047,15.49
2957,14,0.02,2.12572,15.46
2958,15,0.02,1.83682,15.56
2959,15,0.02,2.52924,15.48
2960,24,0.02,0.626061,15.46
2961,9,0.02,1.00995,15.27
2962,13,0.02,1.12349,15.25
2963,23,0.02,0.709224,15.24
2964,18,0.02,1.36992,15.27
2965,26,0.02,0.8196,15.43
2966,25,0.02,0.839226,15.59
2967,20,0.02,1.18983,15.69
2968,12,0.02,2.00494,15.64
2969,19,0.02,0.846584,15.7
2970,23,0.02,2.04708,15.74
2971,17,0.02,1.1576,15.78
2972,16,0.02,3.35462,15.79
2973,19,0.02,4.14504,15.89
2974,25,0.02,0.524179,15.99
2975,21,0.02,4.59202,16.06
2976,9,0.02,1.84554,15.91
2977,9,0.02,1.87962,15.78
2978,8,0.02,0.802541,15.65
2979,24,0.02,0.698126,15.82
2980,4,0.02,3.21549,15.72
2981,4,0.02,1.67748,15.59
2982,26,0.02,1.19014,15.72
2983,12,0.02,3.26294,15.74
2984,24,0.02,1.93265,15.84
2985,11,0.02,0.464712,15.7
2986,4,0.02,2.77145,15.6
2987,28,0.02,1.92825,15.76
2988,16,0.02,1.34809,15.77
2989,25,0.02,4.57164,16
2990,16,0.02,1.02072,15.99
2991,9,0.02,1.3368,16.03
2992,28,0.02,3.63837,16.09
2993,12,0.02,0.726796,16.13
2994,17,0.02,1.95849,16.14
2995,6,0.02,0.712114,16.05
2996,26,0.02,1.34227,16.17
2997,14,0.02,1.78583,16.13
2998,6,0.02,1.09369,16.05
2999,5,0.02,2.99901,15.9
